Order_ID,Order_Date,City,Route_ID,Driver_ID,Vehicle_Type,Distance_km,Stops,Traffic_Level,Weather,Planned_Time_min,Actual_Time_min,Avg_Delivery_Time_min,Fuel_Used_L,Fuel_Cost_INR,Orders,Delivered,On_Time,Late,Status,Delay_min,On_Time_Rate,Route_Efficiency
ORD-100000,2026-06-13,Gurugram,R-09,DRV-008,Bike,50.9,7,Low,Clear,136.3,143.4,20.5,1.27,120.65,23,21,21,0,Completed,7.1,100.0,21.3
ORD-100001,2026-01-27,Gurugram,R-02,DRV-001,Truck,55.8,6,Low,Clear,137.7,143.7,23.9,9.77,928.15,21,19,15,4,Completed,6.0,78.95,23.3
ORD-100002,2026-03-01,Delhi,R-18,DRV-014,Van,11.0,6,Low,Cloudy,60.9,57.6,9.6,0.81,76.95,17,15,14,1,Partial,-3.3,93.33,11.46
ORD-100003,2026-05-31,Faridabad,R-06,DRV-023,Bike,37.9,8,Medium,Cloudy,121.0,127.0,15.9,0.81,76.95,25,22,20,2,Partial,6.0,90.91,17.91
ORD-100004,2026-03-13,Noida,R-11,DRV-004,Van,31.2,7,Low,Cloudy,102.5,100.5,14.4,2.56,243.2,24,21,20,1,Partial,-2.0,95.24,18.63
ORD-100005,2026-01-25,Jaipur,R-20,DRV-009,Mini Truck,20.0,8,Low,Rain,90.3,85.3,10.7,1.99,189.05,26,25,23,2,Completed,-5.0,92.0,14.07
ORD-100006,2026-04-28,Gurugram,R-03,DRV-018,Truck,39.9,7,Medium,Rain,117.4,133.3,19.0,6.84,649.8,21,20,18,2,Completed,15.9,90.0,17.96
ORD-100007,2026-06-08,Jaipur,R-03,DRV-002,Van,10.3,8,High,Clear,73.7,96.4,12.1,0.7,66.5,29,28,27,1,Completed,22.7,96.43,6.41
ORD-100008,2026-03-16,Gurugram,R-04,DRV-013,Van,26.9,7,Medium,Cloudy,95.1,115.6,16.5,2.07,196.65,21,19,16,3,Completed,20.5,84.21,13.96
ORD-100009,2026-06-12,Jaipur,R-12,DRV-012,Van,20.5,10,Low,Rain,105.1,130.5,13.1,1.46,138.7,33,31,27,4,Completed,25.4,87.1,9.43
ORD-100010,2026-03-10,Gurugram,R-18,DRV-024,Van,48.5,12,Low,Clear,167.1,166.6,13.9,3.9,370.5,4,3,2,1,Partial,-0.5,66.67,17.47
ORD-100011,2026-04-29,Lucknow,R-18,DRV-008,Mini Truck,36.6,8,High,Cloudy,118.7,138.8,17.4,4.0,380.0,27,26,22,4,Completed,20.1,84.62,15.82
ORD-100012,2026-01-15,Ghaziabad,R-11,DRV-013,Bike,27.4,6,Medium,Clear,89.0,109.8,18.3,0.62,58.9,20,19,17,2,Completed,20.8,89.47,14.97
ORD-100013,2026-02-24,Jaipur,R-16,DRV-013,Van,59.4,5,High,Cloudy,136.8,185.2,37.0,4.11,390.45,13,12,11,1,Completed,48.4,91.67,19.24
ORD-100014,2026-02-06,Faridabad,R-08,DRV-024,Van,42.1,7,High,Rain,121.2,162.5,23.2,2.91,276.45,22,19,17,2,Partial,41.3,89.47,15.54
ORD-100015,2026-03-09,Lucknow,R-12,DRV-008,Truck,49.3,13,Low,Rain,175.5,199.3,15.3,9.15,869.25,24,20,18,2,Partial,23.8,90.0,14.84
ORD-100016,2026-05-07,Gurugram,R-04,DRV-005,Bike,43.1,15,High,Clear,178.9,237.8,15.9,0.98,93.1,24,21,20,1,Partial,58.9,95.24,10.87
ORD-100017,2026-06-24,Lucknow,R-13,DRV-013,Bike,55.5,10,High,Cloudy,165.1,212.9,21.3,1.37,130.15,13,12,12,0,Completed,47.8,100.0,15.64
ORD-100018,2026-05-16,Faridabad,R-04,DRV-022,Bike,24.2,6,High,Cloudy,83.5,117.0,19.5,0.52,49.4,12,11,9,2,Completed,33.5,81.82,12.41
ORD-100019,2026-06-14,Jaipur,R-10,DRV-014,Bike,50.5,5,Low,Cloudy,121.6,140.8,28.2,1.05,99.75,22,21,17,4,Completed,19.2,80.95,21.52
ORD-100020,2026-01-01,Faridabad,R-17,DRV-030,Van,46.1,11,Low,Rain,156.0,152.3,13.8,3.34,317.3,27,26,21,5,Completed,-3.7,80.77,18.16
ORD-100021,2026-03-18,Ghaziabad,R-12,DRV-025,Van,18.2,9,Low,Rain,94.2,108.0,12.0,1.33,126.35,27,24,22,2,Partial,13.8,91.67,10.11
ORD-100022,2026-05-16,Delhi,R-16,DRV-001,Mini Truck,47.3,5,Low,Cloudy,116.1,137.4,27.5,5.45,517.75,15,14,11,3,Completed,21.3,78.57,20.66
ORD-100023,2026-03-20,Ghaziabad,R-08,DRV-029,Bike,56.2,11,High,Clear,173.3,218.6,19.9,1.35,128.25,28,27,27,0,Completed,45.3,100.0,15.43
ORD-100024,2026-01-22,Chandigarh,R-18,DRV-025,Bike,37.6,5,Low,Clear,99.5,92.4,18.5,0.78,74.1,24,22,20,2,Completed,-7.1,90.91,24.42
ORD-100025,2026-06-18,Chandigarh,R-09,DRV-017,Van,56.9,8,High,Cloudy,153.5,238.3,29.8,3.98,378.1,46,44,37,7,Completed,84.8,84.09,14.33
ORD-100026,2026-02-24,Ghaziabad,R-13,DRV-022,Mini Truck,22.7,9,High,Cloudy,101.9,139.2,15.5,2.67,253.65,28,26,22,4,Completed,37.3,84.62,9.78
ORD-100027,2026-04-23,Chandigarh,R-08,DRV-008,Bike,14.7,6,Low,Cloudy,67.2,74.0,12.3,0.33,31.35,15,14,13,1,Completed,6.8,92.86,11.92
ORD-100028,2026-01-06,Ghaziabad,R-01,DRV-003,Van,26.1,8,High,Rain,100.7,153.0,19.1,1.69,160.55,27,25,24,1,Completed,52.3,96.0,10.24
ORD-100029,2026-01-16,Ghaziabad,R-02,DRV-028,Bike,61.0,3,Medium,Clear,125.6,133.6,44.5,1.41,133.95,29,27,27,0,Completed,8.0,100.0,27.4
ORD-100030,2026-05-12,Ghaziabad,R-16,DRV-007,Mini Truck,52.3,11,High,Clear,166.7,242.2,22.0,6.11,580.45,22,21,18,3,Completed,75.5,85.71,12.96
ORD-100031,2026-05-27,Chandigarh,R-16,DRV-026,Van,37.7,6,Medium,Clear,106.6,123.4,20.6,3.19,303.05,10,9,7,2,Completed,16.8,77.78,18.33
ORD-100032,2026-01-25,Gurugram,R-12,DRV-014,Truck,33.5,11,Medium,Cloudy,134.4,160.0,14.5,5.57,529.15,19,18,15,3,Completed,25.6,83.33,12.56
ORD-100033,2026-01-14,Gurugram,R-13,DRV-024,Bike,45.9,8,Medium,Clear,134.7,146.8,18.4,1.19,113.05,30,25,23,2,Partial,12.1,92.0,18.76
ORD-100034,2026-03-05,Ghaziabad,R-18,DRV-015,Van,30.1,10,Low,Cloudy,121.6,117.3,11.7,2.13,202.35,29,28,23,5,Completed,-4.3,82.14,15.4
ORD-100035,2026-02-16,Faridabad,R-08,DRV-028,Truck,36.0,6,Low,Cloudy,103.7,101.2,16.9,7.47,709.65,28,24,23,1,Partial,-2.5,95.83,21.34
ORD-100036,2026-05-21,Gurugram,R-18,DRV-027,Bike,80.2,11,Low,Clear,214.5,188.4,17.1,1.71,162.45,35,31,29,2,Partial,-26.1,93.55,25.54
ORD-100037,2026-03-02,Noida,R-16,DRV-016,Truck,55.9,5,Low,Cloudy,130.8,134.1,26.8,7.53,715.35,16,14,11,3,Partial,3.3,78.57,25.01
ORD-100038,2026-01-16,Noida,R-01,DRV-013,Truck,71.4,3,Medium,Cloudy,143.4,163.9,54.6,13.12,1246.4,36,31,30,1,Partial,20.5,96.77,26.14
ORD-100039,2026-03-15,Lucknow,R-05,DRV-007,Truck,42.2,5,Medium,Clear,107.3,128.0,25.6,7.79,740.05,20,18,15,3,Completed,20.7,83.33,19.78
ORD-100040,2026-01-15,Delhi,R-02,DRV-002,Mini Truck,44.0,9,High,Cloudy,138.4,216.9,24.1,4.4,418.0,42,36,32,4,Partial,78.5,88.89,12.17
ORD-100041,2026-05-09,Noida,R-17,DRV-003,Bike,52.6,8,Low,Clear,146.2,138.9,17.4,1.15,109.25,21,19,18,1,Completed,-7.3,94.74,22.72
ORD-100042,2026-06-02,Gurugram,R-13,DRV-004,Van,48.4,5,High,Clear,118.0,170.8,34.2,3.54,336.3,31,29,24,5,Completed,52.8,82.76,17.0
ORD-100043,2026-05-29,Delhi,R-14,DRV-022,Bike,31.9,10,High,Rain,124.7,197.8,19.8,0.71,67.45,25,24,20,4,Completed,73.1,83.33,9.68
ORD-100044,2026-05-14,Jaipur,R-07,DRV-022,Mini Truck,51.8,7,High,Cloudy,137.8,188.3,26.9,6.26,594.7,31,30,29,1,Completed,50.5,96.67,16.51
ORD-100045,2026-03-03,Faridabad,R-05,DRV-022,Truck,42.4,10,High,Cloudy,142.7,193.5,19.4,7.91,751.45,23,21,19,2,Completed,50.8,90.48,13.15
ORD-100046,2026-04-28,Jaipur,R-01,DRV-015,Bike,27.3,14,High,Rain,144.8,201.3,14.4,0.55,52.25,34,33,31,2,Completed,56.5,93.94,8.14
ORD-100047,2026-01-26,Gurugram,R-17,DRV-009,Van,53.3,7,Low,Cloudy,140.4,134.2,19.2,3.83,363.85,19,18,16,2,Completed,-6.2,88.89,23.83
ORD-100048,2026-01-18,Ghaziabad,R-10,DRV-006,Mini Truck,27.1,7,Medium,Rain,95.5,127.1,18.2,2.88,273.6,18,17,15,2,Completed,31.6,88.24,12.79
ORD-100049,2026-06-30,Faridabad,R-18,DRV-010,Bike,32.9,6,High,Clear,98.4,135.3,22.6,0.65,61.75,13,11,9,2,Partial,36.9,81.82,14.59
ORD-100050,2026-02-04,Faridabad,R-04,DRV-024,Bike,47.6,12,High,Clear,165.6,238.9,19.9,1.04,98.8,24,21,19,2,Partial,73.3,90.48,11.95
ORD-100051,2026-03-11,Faridabad,R-11,DRV-007,Van,36.8,8,High,Rain,119.1,168.2,21.0,2.74,260.3,37,34,31,3,Completed,49.1,91.18,13.13
ORD-100052,2026-03-09,Chandigarh,R-02,DRV-003,Mini Truck,54.4,6,High,Cloudy,135.3,191.5,31.9,6.05,574.75,25,22,20,2,Partial,56.2,90.91,17.04
ORD-100053,2026-03-12,Delhi,R-11,DRV-025,Bike,51.0,12,Low,Rain,171.4,206.7,17.2,1.33,126.35,18,17,15,2,Completed,35.3,88.24,14.8
ORD-100054,2026-03-09,Noida,R-18,DRV-023,Truck,81.4,5,Medium,Rain,174.5,209.7,41.9,14.09,1338.55,8,7,6,1,Partial,35.2,85.71,23.29
ORD-100055,2026-01-03,Gurugram,R-05,DRV-018,Bike,44.7,9,Low,Cloudy,139.6,165.4,18.4,1.07,101.65,20,18,16,2,Completed,25.8,88.89,16.22
ORD-100056,2026-05-30,Noida,R-05,DRV-002,Truck,18.2,13,Medium,Cloudy,122.2,158.4,12.2,3.18,302.1,11,10,9,1,Completed,36.2,90.0,6.89
ORD-100057,2026-01-11,Jaipur,R-08,DRV-022,Van,64.3,3,Low,Cloudy,131.2,128.7,42.9,4.59,436.05,25,23,21,2,Completed,-2.5,91.3,29.98
ORD-100058,2026-05-24,Lucknow,R-08,DRV-028,Van,22.8,7,Low,Clear,88.1,88.9,12.7,1.7,161.5,30,26,21,5,Partial,0.8,80.77,15.39
ORD-100059,2026-04-16,Delhi,R-11,DRV-026,Van,65.0,8,Medium,Rain,167.4,202.7,25.3,5.22,495.9,25,24,21,3,Completed,35.3,87.5,19.24
ORD-100060,2026-03-05,Faridabad,R-04,DRV-013,Van,79.1,13,Low,Cloudy,226.6,228.7,17.6,6.09,578.55,30,29,24,5,Completed,2.1,82.76,20.75
ORD-100061,2026-02-26,Ghaziabad,R-12,DRV-010,Truck,54.3,11,Low,Clear,170.1,146.2,13.3,8.94,849.3,8,7,6,1,Partial,-23.9,85.71,22.28
ORD-100062,2026-01-07,Ghaziabad,R-11,DRV-009,Truck,69.0,8,Low,Cloudy,174.3,202.9,25.4,11.16,1060.2,11,10,9,1,Completed,28.6,90.0,20.4
ORD-100063,2026-03-31,Lucknow,R-01,DRV-004,Mini Truck,41.4,1,Medium,Clear,78.0,89.1,89.1,4.12,391.4,30,28,23,5,Completed,11.1,82.14,27.88
ORD-100064,2026-05-29,Faridabad,R-04,DRV-020,Bike,32.8,4,Medium,Cloudy,84.2,99.2,24.8,0.78,74.1,17,16,14,2,Completed,15.0,87.5,19.84
ORD-100065,2026-03-22,Lucknow,R-13,DRV-029,Bike,27.7,7,High,Clear,96.5,119.5,17.1,0.59,56.05,15,15,13,2,Completed,23.0,86.67,13.91
ORD-100066,2026-03-07,Delhi,R-01,DRV-017,Truck,29.4,8,High,Rain,106.4,159.4,19.9,5.25,498.75,29,28,24,4,Completed,53.0,85.71,11.07
ORD-100067,2026-06-21,Ghaziabad,R-14,DRV-003,Mini Truck,31.6,7,High,Cloudy,103.2,117.1,16.7,3.09,293.55,35,35,31,4,Completed,13.9,88.57,16.19
ORD-100068,2026-06-09,Jaipur,R-10,DRV-017,Bike,52.4,8,Medium,Rain,145.8,234.0,29.2,1.27,120.65,23,20,16,4,Partial,88.2,80.0,13.44
ORD-100069,2026-04-15,Jaipur,R-10,DRV-018,Truck,45.7,5,Low,Clear,113.3,100.4,20.1,7.88,748.6,16,16,15,1,Completed,-12.9,93.75,27.31
ORD-100070,2026-04-18,Lucknow,R-20,DRV-019,Van,41.9,12,Medium,Cloudy,155.8,185.7,15.5,2.79,265.05,37,35,29,6,Completed,29.9,82.86,13.54
ORD-100071,2026-05-21,Delhi,R-10,DRV-007,Mini Truck,38.6,5,Medium,Rain,101.2,115.9,23.2,4.61,437.95,40,35,33,2,Partial,14.7,94.29,19.98
ORD-100072,2026-06-05,Jaipur,R-15,DRV-015,Truck,30.3,6,High,Clear,93.9,120.8,20.1,5.13,487.35,25,22,20,2,Partial,26.9,90.91,15.05
ORD-100073,2026-05-11,Chandigarh,R-03,DRV-010,Van,41.1,7,High,Rain,119.5,167.6,23.9,2.8,266.0,31,29,24,5,Completed,48.1,82.76,14.71
ORD-100074,2026-06-12,Jaipur,R-08,DRV-022,Bike,43.8,10,Medium,Clear,145.1,144.6,14.5,1.02,96.9,19,18,15,3,Completed,-0.5,83.33,18.17
ORD-100075,2026-02-20,Noida,R-02,DRV-008,Bike,9.5,3,Medium,Rain,37.3,48.2,16.1,0.22,20.9,17,16,12,4,Completed,10.9,75.0,11.83
ORD-100076,2026-01-19,Chandigarh,R-19,DRV-007,Truck,40.8,4,High,Rain,97.9,140.3,35.1,7.45,707.75,18,16,15,1,Partial,42.4,93.75,17.45
ORD-100077,2026-04-09,Chandigarh,R-08,DRV-005,Truck,31.6,10,High,Rain,124.2,170.8,17.1,5.99,569.05,36,30,25,5,Partial,46.6,83.33,11.1
ORD-100078,2026-01-02,Gurugram,R-08,DRV-006,Truck,52.4,7,High,Rain,138.8,216.1,30.9,9.07,861.65,25,23,22,1,Completed,77.3,95.65,14.55
ORD-100079,2026-04-29,Delhi,R-04,DRV-015,Van,46.6,9,Low,Cloudy,142.9,142.3,15.8,3.2,304.0,21,20,17,3,Completed,-0.6,85.0,19.65
ORD-100080,2026-06-20,Jaipur,R-20,DRV-027,Truck,47.2,14,High,Rain,178.9,289.3,20.7,8.36,794.2,34,31,24,7,Completed,110.4,77.42,9.79
ORD-100081,2026-04-20,Chandigarh,R-16,DRV-015,Van,23.9,2,Medium,Clear,55.0,61.5,30.8,1.71,162.45,38,36,32,4,Completed,6.5,88.89,23.32
ORD-100082,2026-06-13,Faridabad,R-08,DRV-009,Truck,56.9,1,Medium,Clear,104.5,122.4,122.4,10.98,1043.1,13,12,11,1,Completed,17.9,91.67,27.89
ORD-100083,2026-03-15,Ghaziabad,R-11,DRV-011,Mini Truck,34.5,9,High,Clear,122.1,194.8,21.6,3.89,369.55,26,23,19,4,Partial,72.7,82.61,10.63
ORD-100084,2026-02-05,Noida,R-13,DRV-023,Van,56.9,5,Low,Rain,132.5,149.2,29.8,3.91,371.45,28,26,25,1,Completed,16.7,96.15,22.88
ORD-100085,2026-02-24,Gurugram,R-14,DRV-011,Truck,32.8,7,High,Cloudy,105.2,134.8,19.3,5.75,546.25,28,27,23,4,Completed,29.6,85.19,14.6
ORD-100086,2026-04-17,Delhi,R-14,DRV-013,Van,57.7,12,High,Rain,182.9,285.7,23.8,4.74,450.3,18,16,12,4,Partial,102.8,75.0,12.12
ORD-100087,2026-01-06,Lucknow,R-01,DRV-012,Truck,68.9,9,Medium,Cloudy,181.1,213.6,23.7,12.81,1216.95,15,15,13,2,Completed,32.5,86.67,19.35
ORD-100088,2026-04-18,Ghaziabad,R-08,DRV-009,Truck,44.0,10,Medium,Cloudy,145.4,178.9,17.9,8.14,773.3,18,17,17,0,Completed,33.5,100.0,14.76
ORD-100089,2026-01-08,Lucknow,R-13,DRV-024,Mini Truck,66.2,12,Low,Cloudy,197.5,195.1,16.3,6.77,643.15,23,21,20,1,Completed,-2.4,95.24,20.36
ORD-100090,2026-02-02,Delhi,R-19,DRV-019,Truck,11.5,12,High,Clear,103.7,138.2,11.5,2.02,191.9,16,13,12,1,Partial,34.5,92.31,4.99
ORD-100091,2026-01-22,Lucknow,R-15,DRV-006,Van,43.3,4,Low,Cloudy,102.2,94.4,23.6,3.01,285.95,38,35,28,7,Completed,-7.8,80.0,27.52
ORD-100092,2026-04-08,Jaipur,R-15,DRV-011,Van,37.6,7,Medium,Cloudy,113.5,105.4,15.1,2.67,253.65,23,22,22,0,Completed,-8.1,100.0,21.4
ORD-100093,2026-03-13,Lucknow,R-03,DRV-016,Mini Truck,62.3,7,Low,Rain,155.8,159.0,22.7,8.35,793.25,25,23,20,3,Completed,3.2,86.96,23.51
ORD-100094,2026-05-19,Delhi,R-08,DRV-021,Mini Truck,45.6,7,Low,Rain,127.2,135.9,19.4,4.85,460.75,24,22,19,3,Completed,8.7,86.36,20.13
ORD-100095,2026-01-11,Delhi,R-07,DRV-027,Van,43.9,7,Low,Rain,124.3,156.0,22.3,2.47,234.65,33,32,25,7,Completed,31.7,78.12,16.88
ORD-100096,2026-02-09,Ghaziabad,R-16,DRV-022,Van,35.8,6,Low,Rain,103.4,102.8,17.1,2.4,228.0,16,16,15,1,Completed,-0.6,93.75,20.89
ORD-100097,2026-02-25,Chandigarh,R-12,DRV-006,Mini Truck,64.9,10,High,Rain,181.3,249.4,24.9,6.91,656.45,28,24,22,2,Partial,68.1,91.67,15.61
ORD-100098,2026-01-30,Noida,R-04,DRV-019,Mini Truck,37.7,6,Low,Cloudy,106.6,116.0,19.3,4.34,412.3,22,21,17,4,Completed,9.4,80.95,19.5
ORD-100099,2026-05-28,Lucknow,R-07,DRV-003,Truck,53.1,9,High,Rain,154.0,227.1,25.2,9.91,941.45,14,13,11,2,Completed,73.1,84.62,14.03
ORD-100100,2026-06-10,Ghaziabad,R-10,DRV-028,Bike,32.6,11,High,Rain,132.9,189.6,17.2,0.64,60.8,12,11,9,2,Completed,56.7,81.82,10.32
ORD-100101,2026-01-31,Delhi,R-18,DRV-014,Mini Truck,73.6,1,High,Cloudy,133.2,210.4,210.4,8.32,790.4,24,22,20,2,Completed,77.2,90.91,20.99
ORD-100102,2026-01-18,Jaipur,R-14,DRV-027,Bike,41.3,11,Medium,Clear,147.8,171.5,15.6,0.93,88.35,22,20,18,2,Completed,23.7,90.0,14.45
ORD-100103,2026-04-21,Jaipur,R-05,DRV-014,Truck,11.2,3,Low,Rain,40.2,47.7,15.9,2.06,195.7,23,21,19,2,Completed,7.5,90.48,14.09
ORD-100104,2026-05-14,Faridabad,R-15,DRV-014,Truck,32.3,5,High,Rain,90.4,138.8,27.8,5.41,513.95,28,24,23,1,Partial,48.4,95.83,13.96
ORD-100105,2026-03-10,Jaipur,R-03,DRV-009,Van,50.5,8,Medium,Clear,142.6,176.9,22.1,4.09,388.55,33,28,23,5,Partial,34.3,82.14,17.13
ORD-100106,2026-04-29,Lucknow,R-01,DRV-016,Mini Truck,30.8,8,Medium,Clear,108.8,130.3,16.3,3.22,305.9,26,23,20,3,Partial,21.5,86.96,14.18
ORD-100107,2026-05-05,Ghaziabad,R-09,DRV-011,Mini Truck,16.7,5,Medium,Rain,63.6,73.1,14.6,1.71,162.45,33,29,29,0,Partial,9.5,100.0,13.71
ORD-100108,2026-06-29,Faridabad,R-17,DRV-007,Bike,50.9,8,Low,Clear,143.3,133.5,16.7,1.19,113.05,20,18,18,0,Completed,-9.8,100.0,22.88
ORD-100109,2026-04-15,Chandigarh,R-16,DRV-021,Van,40.3,11,High,Cloudy,146.1,191.7,17.4,2.87,272.65,39,35,35,0,Partial,45.6,100.0,12.61
ORD-100110,2026-04-25,Delhi,R-10,DRV-008,Bike,54.7,6,Medium,Rain,135.8,183.8,30.6,1.31,124.45,29,25,21,4,Partial,48.0,84.0,17.86
ORD-100111,2026-03-04,Faridabad,R-16,DRV-018,Mini Truck,37.5,7,High,Cloudy,113.3,165.4,23.6,4.23,401.85,14,13,12,1,Completed,52.1,92.31,13.6
ORD-100112,2026-04-19,Jaipur,R-15,DRV-009,Mini Truck,52.1,11,Medium,Cloudy,166.3,210.1,19.1,6.0,570.0,24,20,18,2,Partial,43.8,90.0,14.88
ORD-100113,2026-03-01,Gurugram,R-11,DRV-004,Van,45.7,8,High,Rain,134.3,182.3,22.8,2.98,283.1,33,30,28,2,Completed,48.0,93.33,15.04
ORD-100114,2026-06-26,Noida,R-07,DRV-024,Van,42.5,8,Medium,Cloudy,128.9,164.1,20.5,2.91,276.45,25,23,20,3,Completed,35.2,86.96,15.54
ORD-100115,2026-05-31,Faridabad,R-07,DRV-010,Bike,36.4,8,Low,Cloudy,118.4,117.3,14.7,0.89,84.55,17,15,13,2,Partial,-1.1,86.67,18.62
ORD-100116,2026-02-15,Faridabad,R-18,DRV-005,Bike,68.0,8,Medium,Clear,172.6,214.9,26.9,1.33,126.35,27,26,23,3,Completed,42.3,88.46,18.99
ORD-100117,2026-01-14,Faridabad,R-16,DRV-004,Van,61.2,6,Low,Rain,146.9,183.1,30.5,5.18,492.1,22,20,19,1,Completed,36.2,95.0,20.05
ORD-100118,2026-03-14,Chandigarh,R-15,DRV-011,Truck,70.4,6,Low,Clear,162.7,157.2,26.2,12.51,1188.45,14,12,10,2,Partial,-5.5,83.33,26.87
ORD-100119,2026-03-06,Chandigarh,R-03,DRV-013,Bike,28.2,7,Medium,Clear,97.3,114.0,16.3,0.7,66.5,17,16,14,2,Completed,16.7,87.5,14.84
ORD-100120,2026-05-28,Delhi,R-05,DRV-026,Van,41.1,10,High,Cloudy,140.5,177.8,17.8,3.03,287.85,26,24,22,2,Completed,37.3,91.67,13.87
ORD-100121,2026-01-22,Ghaziabad,R-18,DRV-025,Bike,86.2,6,Medium,Rain,189.8,234.1,39.0,1.82,172.9,20,18,17,1,Completed,44.3,94.44,22.09
ORD-100122,2026-06-02,Ghaziabad,R-15,DRV-030,Truck,67.6,6,Medium,Cloudy,157.9,174.6,29.1,12.75,1211.25,20,19,17,2,Completed,16.7,89.47,23.23
ORD-100123,2026-05-31,Lucknow,R-19,DRV-020,Mini Truck,14.7,12,Low,Rain,109.2,139.9,11.7,1.55,147.25,21,19,17,2,Completed,30.7,89.47,6.3
ORD-100124,2026-01-26,Ghaziabad,R-09,DRV-022,Van,53.9,14,Low,Clear,190.4,187.7,13.4,3.6,342.0,13,11,9,2,Partial,-2.7,81.82,17.23
ORD-100125,2026-03-03,Noida,R-06,DRV-001,Bike,74.3,6,Medium,Cloudy,169.4,204.2,34.0,1.65,156.75,34,34,29,5,Completed,34.8,85.29,21.83
ORD-100126,2026-06-26,Chandigarh,R-02,DRV-008,Mini Truck,33.2,11,Medium,Rain,133.9,181.9,16.5,4.23,401.85,29,26,24,2,Partial,48.0,92.31,10.95
ORD-100127,2026-03-14,Chandigarh,R-08,DRV-030,Bike,62.0,10,Medium,Rain,176.3,236.3,23.6,1.5,142.5,34,33,31,2,Completed,60.0,93.94,15.74
ORD-100128,2026-05-31,Ghaziabad,R-04,DRV-018,Truck,39.0,8,Low,Rain,122.9,150.9,18.9,6.63,629.85,27,24,21,3,Partial,28.0,87.5,15.51
ORD-100129,2026-02-08,Faridabad,R-03,DRV-002,Van,65.0,8,Low,Cloudy,167.4,173.1,21.6,4.14,393.3,30,28,28,0,Completed,5.7,100.0,22.53
ORD-100130,2026-06-02,Faridabad,R-04,DRV-015,Truck,36.5,8,High,Cloudy,118.6,168.2,21.0,7.47,709.65,24,22,20,2,Completed,49.6,90.91,13.02
ORD-100131,2026-06-29,Lucknow,R-17,DRV-018,Mini Truck,45.4,6,Medium,Cloudy,119.8,144.1,24.0,5.48,520.6,16,15,13,2,Completed,24.3,86.67,18.9
ORD-100132,2026-01-21,Delhi,R-11,DRV-020,Truck,63.5,3,Medium,Clear,129.9,142.7,47.6,11.89,1129.55,37,34,29,5,Completed,12.8,85.29,26.7
ORD-100133,2026-01-24,Ghaziabad,R-09,DRV-019,Bike,75.9,3,Low,Clear,151.1,124.5,41.5,1.75,166.25,20,17,16,1,Partial,-26.6,94.12,36.58
ORD-100134,2026-05-01,Chandigarh,R-06,DRV-019,Mini Truck,46.4,6,Medium,Rain,121.5,140.5,23.4,5.52,524.4,30,28,28,0,Completed,19.0,100.0,19.81
ORD-100135,2026-05-06,Gurugram,R-12,DRV-014,Truck,22.7,3,Medium,Cloudy,59.9,67.0,22.3,4.11,390.45,26,24,22,2,Completed,7.1,91.67,20.33
ORD-100136,2026-06-21,Gurugram,R-11,DRV-014,Van,19.5,12,High,Cloudy,117.4,162.2,13.5,1.52,144.4,27,25,23,2,Completed,44.8,92.0,7.21
ORD-100137,2026-03-15,Lucknow,R-15,DRV-003,Bike,50.1,9,Medium,Cloudy,148.9,195.1,21.7,1.13,107.35,30,28,27,1,Completed,46.2,96.43,15.41
ORD-100138,2026-03-24,Gurugram,R-17,DRV-027,Truck,29.8,13,Low,Rain,142.1,158.6,12.2,4.8,456.0,26,23,22,1,Partial,16.5,95.65,11.27
ORD-100139,2026-05-19,Chandigarh,R-02,DRV-007,Truck,30.3,6,High,Cloudy,93.9,110.8,18.5,5.31,504.45,5,4,3,1,Partial,16.9,75.0,16.41
ORD-100140,2026-06-09,Chandigarh,R-02,DRV-007,Truck,56.1,9,Medium,Rain,159.2,189.2,21.0,10.16,965.2,24,21,21,0,Partial,30.0,100.0,17.79
ORD-100141,2026-02-03,Faridabad,R-16,DRV-004,Truck,57.8,7,Low,Rain,148.1,166.2,23.7,10.68,1014.6,8,7,6,1,Partial,18.1,85.71,20.87
ORD-100142,2026-06-05,Ghaziabad,R-10,DRV-018,Van,24.0,7,Low,Rain,90.1,115.4,16.5,1.8,171.0,20,19,18,1,Completed,25.3,94.74,12.48
ORD-100143,2026-04-15,Gurugram,R-04,DRV-015,Van,58.6,8,Low,Rain,156.5,166.2,20.8,4.42,419.9,28,27,25,2,Completed,9.7,92.59,21.16
ORD-100144,2026-02-09,Chandigarh,R-17,DRV-023,Mini Truck,60.9,6,Medium,Cloudy,146.4,191.7,31.9,6.87,652.65,41,37,37,0,Completed,45.3,100.0,19.06
ORD-100145,2026-05-04,Chandigarh,R-15,DRV-018,Van,45.6,6,Low,Cloudy,120.2,119.0,19.8,3.17,301.15,28,26,22,4,Completed,-1.2,84.62,22.99
ORD-100146,2026-02-18,Noida,R-09,DRV-025,Bike,41.6,14,Medium,Cloudy,169.3,228.3,16.3,0.96,91.2,25,23,21,2,Completed,59.0,91.3,10.93
ORD-100147,2026-05-10,Faridabad,R-10,DRV-024,Bike,23.6,7,Medium,Rain,89.5,99.9,14.3,0.54,51.3,30,27,27,0,Completed,10.4,100.0,14.17
ORD-100148,2026-05-29,Chandigarh,R-15,DRV-018,Van,19.9,3,Medium,Cloudy,55.1,66.4,22.1,1.54,146.3,38,35,34,1,Completed,11.3,97.14,17.98
ORD-100149,2026-03-27,Lucknow,R-11,DRV-028,Truck,41.3,7,Low,Rain,119.8,143.7,20.5,7.9,750.5,12,11,10,1,Completed,23.9,90.91,17.24
ORD-100150,2026-03-03,Lucknow,R-14,DRV-002,Van,30.7,9,Medium,Rain,115.6,154.8,17.2,2.24,212.8,20,18,16,2,Completed,39.2,88.89,11.9
ORD-100151,2026-05-02,Lucknow,R-05,DRV-016,Truck,63.1,9,Low,Clear,171.2,166.1,18.5,12.18,1157.1,2,1,0,1,Partial,-5.1,0.0,22.79
ORD-100152,2026-05-09,Jaipur,R-15,DRV-004,Bike,35.5,4,High,Cloudy,88.9,110.8,27.7,0.86,81.7,21,20,18,2,Completed,21.9,90.0,19.22
ORD-100153,2026-01-04,Noida,R-05,DRV-003,Truck,50.6,8,Medium,Cloudy,142.7,151.7,19.0,9.93,943.35,21,18,15,3,Partial,9.0,83.33,20.01
ORD-100154,2026-03-28,Lucknow,R-11,DRV-028,Bike,69.0,10,High,Rain,188.3,276.8,27.7,1.49,141.55,22,22,20,2,Completed,88.5,90.91,14.96
ORD-100155,2026-04-08,Jaipur,R-18,DRV-002,Truck,49.7,11,High,Clear,162.2,223.2,20.3,8.85,840.75,23,21,19,2,Completed,61.0,90.48,13.36
ORD-100156,2026-03-02,Faridabad,R-03,DRV-014,Van,55.1,8,Low,Rain,150.5,178.4,22.3,3.91,371.45,25,21,20,1,Partial,27.9,95.24,18.53
ORD-100157,2026-06-30,Gurugram,R-06,DRV-023,Truck,48.2,10,Medium,Clear,152.6,134.8,13.5,10.23,971.85,23,22,18,4,Completed,-17.8,81.82,21.45
ORD-100158,2026-01-12,Jaipur,R-10,DRV-012,Bike,53.0,4,Medium,Cloudy,118.9,133.8,33.5,1.36,129.2,23,21,20,1,Completed,14.9,95.24,23.77
ORD-100159,2026-02-07,Ghaziabad,R-19,DRV-022,Truck,50.9,8,Low,Clear,143.3,147.5,18.4,11.03,1047.85,24,22,21,1,Completed,4.2,95.45,20.71
ORD-100160,2026-02-14,Gurugram,R-20,DRV-022,Truck,61.9,11,Low,Cloudy,183.1,198.2,18.0,10.23,971.85,38,33,30,3,Partial,15.1,90.91,18.74
ORD-100161,2026-05-30,Noida,R-15,DRV-021,Van,28.4,7,Medium,Cloudy,97.7,118.8,17.0,2.08,197.6,28,28,26,2,Completed,21.1,92.86,14.34
ORD-100162,2026-03-07,Delhi,R-10,DRV-022,Truck,37.6,10,High,Clear,134.5,198.9,19.9,6.16,585.2,29,28,24,4,Completed,64.4,85.71,11.34
ORD-100163,2026-01-19,Chandigarh,R-19,DRV-010,Mini Truck,66.8,7,High,Cloudy,163.5,229.6,32.8,7.32,695.4,25,22,18,4,Partial,66.1,81.82,17.46
ORD-100164,2026-06-26,Faridabad,R-10,DRV-007,Truck,70.7,5,Medium,Cloudy,156.2,170.3,34.1,10.64,1010.8,19,16,16,0,Partial,14.1,100.0,24.91
ORD-100165,2026-01-28,Ghaziabad,R-19,DRV-012,Truck,60.2,5,High,Cloudy,138.2,226.8,45.4,11.81,1121.95,22,18,18,0,Partial,88.6,100.0,15.93
ORD-100166,2026-06-29,Faridabad,R-13,DRV-009,Bike,17.0,3,Low,Rain,50.1,60.7,20.2,0.45,42.75,36,34,32,2,Completed,10.6,94.12,16.8
ORD-100167,2026-06-25,Delhi,R-10,DRV-025,Truck,57.4,10,Low,Rain,168.4,192.9,19.3,10.52,999.4,24,21,18,3,Partial,24.5,85.71,17.85
ORD-100168,2026-04-01,Ghaziabad,R-20,DRV-009,Van,11.5,7,High,Rain,68.7,95.7,13.7,0.75,71.25,26,25,24,1,Completed,27.0,96.0,7.21
ORD-100169,2026-06-18,Noida,R-02,DRV-010,Bike,13.7,5,Medium,Clear,58.5,72.3,14.5,0.28,26.6,23,22,18,4,Completed,13.8,81.82,11.37
ORD-100170,2026-05-29,Jaipur,R-03,DRV-030,Van,43.9,3,Medium,Cloudy,96.3,108.6,36.2,3.22,305.9,12,11,9,2,Completed,12.3,81.82,24.25
ORD-100171,2026-04-17,Noida,R-05,DRV-026,Van,51.9,8,High,Cloudy,145.0,223.6,27.9,3.74,355.3,21,19,17,2,Completed,78.6,89.47,13.93
ORD-100172,2026-05-16,Faridabad,R-09,DRV-030,Van,42.9,8,Medium,Cloudy,129.5,144.8,18.1,2.9,275.5,13,13,10,3,Completed,15.3,76.92,17.78
ORD-100173,2026-03-28,Gurugram,R-03,DRV-005,Truck,29.5,5,Low,Rain,85.6,102.7,20.5,5.24,497.8,34,31,28,3,Completed,17.1,90.32,17.23
ORD-100174,2026-06-22,Lucknow,R-03,DRV-026,Mini Truck,27.0,14,Medium,Clear,144.3,150.2,10.7,3.07,291.65,30,28,25,3,Completed,5.9,89.29,10.79
ORD-100175,2026-03-09,Gurugram,R-12,DRV-022,Truck,39.7,8,High,Rain,124.1,185.4,23.2,7.77,738.15,42,38,31,7,Completed,61.3,81.58,12.85
ORD-100176,2026-03-09,Lucknow,R-04,DRV-022,Mini Truck,40.4,15,Low,Cloudy,174.3,168.0,11.2,5.08,482.6,38,34,32,2,Partial,-6.3,94.12,14.43
ORD-100177,2026-01-07,Jaipur,R-03,DRV-021,Van,71.3,6,Medium,Rain,164.2,208.0,34.7,4.86,461.7,16,14,11,3,Partial,43.8,78.57,20.57
ORD-100178,2026-03-19,Lucknow,R-05,DRV-002,Bike,42.6,5,Low,Cloudy,108.0,113.3,22.7,0.83,78.85,27,26,20,6,Completed,5.3,76.92,22.56
ORD-100179,2026-05-07,Gurugram,R-08,DRV-029,Bike,48.7,11,High,Clear,160.5,195.7,17.8,1.23,116.85,28,25,22,3,Partial,35.2,88.0,14.93
ORD-100180,2026-04-10,Chandigarh,R-18,DRV-014,Mini Truck,52.0,8,High,Rain,145.1,228.8,28.6,5.35,508.25,26,22,19,3,Partial,83.7,86.36,13.64
ORD-100181,2026-02-09,Lucknow,R-16,DRV-020,Bike,25.7,5,Medium,Cloudy,79.1,103.0,20.6,0.62,58.9,29,25,22,3,Partial,23.9,88.0,14.97
ORD-100182,2026-01-09,Jaipur,R-15,DRV-015,Van,63.8,8,Low,Cloudy,165.4,202.0,25.2,4.7,446.5,26,24,22,2,Completed,36.6,91.67,18.95
ORD-100183,2026-01-26,Jaipur,R-02,DRV-013,Mini Truck,39.3,10,Medium,Clear,137.4,170.1,17.0,4.09,388.55,14,12,11,1,Partial,32.7,91.67,13.86
ORD-100184,2026-02-01,Chandigarh,R-07,DRV-021,Bike,22.1,1,High,Rain,44.9,70.0,70.0,0.59,56.05,24,23,21,2,Completed,25.1,91.3,18.94
ORD-100185,2026-01-06,Delhi,R-08,DRV-005,Mini Truck,40.2,10,High,Clear,138.9,183.2,18.3,4.56,433.2,27,24,23,1,Partial,44.3,95.83,13.17
ORD-100186,2026-01-18,Ghaziabad,R-08,DRV-011,Van,38.9,5,Low,Rain,101.7,118.8,23.8,2.58,245.1,25,23,22,1,Completed,17.1,95.65,19.65
ORD-100187,2026-01-01,Faridabad,R-05,DRV-018,Van,50.5,7,Medium,Clear,135.6,166.1,23.7,4.01,380.95,29,27,22,5,Completed,30.5,81.48,18.24
ORD-100188,2026-01-29,Delhi,R-01,DRV-012,Van,22.8,7,Low,Rain,88.1,93.9,13.4,1.6,152.0,25,24,21,3,Completed,5.8,87.5,14.57
ORD-100189,2026-03-24,Delhi,R-09,DRV-002,Van,50.8,8,Low,Rain,143.1,134.9,16.9,3.36,319.2,23,20,18,2,Partial,-8.2,90.0,22.59
ORD-100190,2026-04-18,Gurugram,R-16,DRV-015,Bike,69.6,11,Medium,Rain,196.3,248.5,22.6,1.73,164.35,26,24,20,4,Completed,52.2,83.33,16.8
ORD-100191,2026-06-01,Gurugram,R-17,DRV-008,Truck,36.6,6,High,Clear,104.7,143.3,23.9,6.74,640.3,25,23,22,1,Completed,38.6,95.65,15.32
ORD-100192,2026-06-18,Faridabad,R-01,DRV-002,Truck,59.1,3,Medium,Cloudy,122.3,115.3,38.4,11.55,1097.25,14,13,10,3,Completed,-7.0,76.92,30.75
ORD-100193,2026-04-20,Gurugram,R-15,DRV-003,Truck,9.6,9,Low,Cloudy,79.5,86.9,9.7,1.66,157.7,4,3,2,1,Partial,7.4,66.67,6.63
ORD-100194,2026-06-05,Noida,R-05,DRV-009,Bike,15.4,8,High,Rain,82.4,124.4,15.6,0.36,34.2,25,22,21,1,Partial,42.0,95.45,7.43
ORD-100195,2026-05-30,Jaipur,R-20,DRV-017,Truck,39.1,7,Medium,Cloudy,116.0,127.1,18.2,6.86,651.7,17,15,15,0,Partial,11.1,100.0,18.46
ORD-100196,2026-05-10,Lucknow,R-04,DRV-028,Bike,17.3,3,High,Rain,50.7,85.7,28.6,0.38,36.1,19,18,15,3,Completed,35.0,83.33,12.11
ORD-100197,2026-05-22,Ghaziabad,R-15,DRV-029,Truck,74.9,10,Low,Cloudy,198.4,196.4,19.6,15.97,1517.15,20,19,17,2,Completed,-2.0,89.47,22.88
ORD-100198,2026-03-28,Chandigarh,R-14,DRV-024,Truck,65.4,12,Low,Cloudy,196.1,202.5,16.9,11.17,1061.15,28,25,25,0,Partial,6.4,100.0,19.38
ORD-100199,2026-04-20,Jaipur,R-12,DRV-005,Mini Truck,44.5,6,High,Cloudy,118.3,166.9,27.8,4.41,418.95,17,16,13,3,Completed,48.6,81.25,16.0
ORD-100200,2026-01-18,Gurugram,R-03,DRV-014,Bike,23.2,9,Low,Rain,102.8,126.1,14.0,0.55,52.25,32,29,23,6,Completed,23.3,79.31,11.04
ORD-100201,2026-04-06,Noida,R-19,DRV-018,Bike,69.0,7,High,Cloudy,167.3,228.0,32.6,1.7,161.5,29,27,27,0,Completed,60.7,100.0,18.16
ORD-100202,2026-06-21,Gurugram,R-12,DRV-028,Truck,30.4,10,High,Cloudy,122.1,170.6,17.1,5.65,536.75,37,35,32,3,Completed,48.5,91.43,10.69
ORD-100203,2026-01-14,Faridabad,R-12,DRV-004,Mini Truck,61.3,6,High,Rain,147.1,207.5,34.6,6.24,592.8,9,9,7,2,Completed,60.4,77.78,17.73
ORD-100204,2026-02-24,Noida,R-08,DRV-028,Truck,38.0,7,Low,Cloudy,114.1,120.4,17.2,7.36,699.2,31,28,25,3,Completed,6.3,89.29,18.94
ORD-100205,2026-05-23,Jaipur,R-09,DRV-019,Bike,47.1,7,Low,Cloudy,129.7,150.8,21.5,1.09,103.55,30,28,27,1,Completed,21.1,96.43,18.74
ORD-100206,2026-05-24,Delhi,R-01,DRV-006,Mini Truck,45.3,4,Medium,Rain,105.7,140.5,35.1,4.77,453.15,20,19,18,1,Completed,34.8,94.74,19.35
ORD-100207,2026-03-21,Jaipur,R-01,DRV-006,Mini Truck,42.4,8,Low,Rain,128.7,163.8,20.5,4.8,456.0,45,43,34,9,Completed,35.1,79.07,15.53
ORD-100208,2026-06-18,Lucknow,R-05,DRV-024,Bike,55.6,9,High,Clear,158.3,235.8,26.2,1.3,123.5,23,20,17,3,Partial,77.5,85.0,14.15
ORD-100209,2026-01-24,Ghaziabad,R-14,DRV-015,Truck,26.7,6,Medium,Clear,87.8,105.7,17.6,5.5,522.5,28,24,22,2,Partial,17.9,91.67,15.16
ORD-100210,2026-04-05,Faridabad,R-19,DRV-020,Mini Truck,63.5,6,Low,Clear,150.9,149.3,24.9,7.06,670.7,18,17,15,2,Completed,-1.6,88.24,25.52
ORD-100211,2026-02-09,Noida,R-03,DRV-009,Bike,49.6,5,Medium,Rain,120.0,149.2,29.8,1.17,111.15,22,22,19,3,Completed,29.2,86.36,19.95
ORD-100212,2026-04-19,Chandigarh,R-14,DRV-009,Truck,46.0,10,Low,Rain,148.9,147.8,14.8,7.19,683.05,12,11,9,2,Completed,-1.1,81.82,18.67
ORD-100213,2026-01-30,Jaipur,R-04,DRV-010,Truck,88.0,6,High,Rain,192.9,296.0,49.3,17.97,1707.15,41,41,40,1,Completed,103.1,97.56,17.84
ORD-100214,2026-06-01,Chandigarh,R-02,DRV-008,Mini Truck,60.4,9,Medium,Rain,166.5,227.8,25.3,6.42,609.9,18,16,14,2,Partial,61.3,87.5,15.91
ORD-100215,2026-01-15,Delhi,R-10,DRV-007,Van,33.8,10,Low,Cloudy,127.9,141.8,14.2,2.43,230.85,36,32,28,4,Partial,13.9,87.5,14.3
ORD-100216,2026-03-16,Jaipur,R-01,DRV-016,Bike,29.1,2,High,Cloudy,63.9,88.3,44.1,0.64,60.8,37,35,29,6,Completed,24.4,82.86,19.77
ORD-100217,2026-02-14,Noida,R-18,DRV-023,Truck,75.4,11,Low,Rain,206.3,241.8,22.0,13.46,1278.7,17,15,14,1,Partial,35.5,93.33,18.71
ORD-100218,2026-05-24,Jaipur,R-13,DRV-028,Bike,75.9,12,High,Clear,214.1,277.7,23.1,1.54,146.3,26,22,20,2,Partial,63.6,90.91,16.4
ORD-100219,2026-04-22,Delhi,R-03,DRV-028,Truck,39.3,6,Medium,Rain,109.4,122.9,20.5,7.44,706.8,20,17,12,5,Partial,13.5,70.59,19.19
ORD-100220,2026-04-20,Lucknow,R-10,DRV-004,Truck,41.5,13,Medium,Clear,162.1,211.2,16.2,7.27,690.65,20,19,16,3,Completed,49.1,84.21,11.79
ORD-100221,2026-03-25,Noida,R-12,DRV-003,Truck,47.4,10,Medium,Clear,151.3,191.1,19.1,8.55,812.25,23,20,17,3,Partial,39.8,85.0,14.88
ORD-100222,2026-03-04,Lucknow,R-17,DRV-003,Truck,37.9,9,Medium,Cloudy,128.0,162.7,18.1,6.45,612.75,36,33,29,4,Completed,34.7,87.88,13.98
ORD-100223,2026-03-28,Ghaziabad,R-06,DRV-003,Mini Truck,28.6,1,High,Rain,56.0,90.7,90.7,3.37,320.15,22,20,18,2,Completed,34.7,90.0,18.92
ORD-100224,2026-01-30,Ghaziabad,R-12,DRV-024,Mini Truck,13.9,6,High,Clear,65.8,94.5,15.8,1.39,132.05,27,23,21,2,Partial,28.7,91.3,8.83
ORD-100225,2026-03-02,Gurugram,R-09,DRV-007,Van,41.4,3,Low,Rain,92.0,112.6,37.5,2.78,264.1,18,17,16,1,Completed,20.6,94.12,22.06
ORD-100226,2026-02-09,Gurugram,R-16,DRV-015,Van,23.7,8,High,Rain,96.6,151.1,18.9,1.79,170.05,26,24,20,4,Completed,54.5,83.33,9.41
ORD-100227,2026-04-25,Jaipur,R-05,DRV-015,Mini Truck,43.6,4,Low,Cloudy,102.7,81.1,20.3,5.01,475.95,32,27,22,5,Partial,-21.6,81.48,32.26
ORD-100228,2026-04-24,Faridabad,R-19,DRV-002,Mini Truck,53.1,14,Medium,Rain,189.0,243.8,17.4,5.56,528.2,23,22,19,3,Completed,54.8,86.36,13.07
ORD-100229,2026-01-19,Faridabad,R-15,DRV-002,Truck,27.6,6,Low,Cloudy,89.3,85.0,14.2,5.07,481.65,37,35,31,4,Completed,-4.3,88.57,19.48
ORD-100230,2026-03-15,Gurugram,R-20,DRV-020,Bike,36.7,3,High,Cloudy,83.9,124.9,41.6,0.81,76.95,23,23,21,2,Completed,41.0,91.3,17.63
ORD-100231,2026-04-29,Delhi,R-19,DRV-021,Truck,28.5,6,Low,Cloudy,90.9,102.2,17.0,5.23,496.85,13,12,10,2,Completed,11.3,83.33,16.73
ORD-100232,2026-06-04,Chandigarh,R-02,DRV-015,Van,75.7,11,Low,Cloudy,206.8,205.4,18.7,5.96,566.2,25,24,22,2,Completed,-1.4,91.67,22.11
ORD-100233,2026-01-22,Noida,R-08,DRV-023,Bike,26.8,6,Medium,Cloudy,87.9,112.7,18.8,0.58,55.1,21,18,16,2,Partial,24.8,88.89,14.27
ORD-100234,2026-05-15,Noida,R-12,DRV-030,Mini Truck,79.1,4,Medium,Cloudy,163.6,194.2,48.5,9.78,929.1,24,22,18,4,Completed,30.6,81.82,24.44
ORD-100235,2026-04-15,Jaipur,R-11,DRV-003,Bike,49.7,7,Medium,Clear,134.2,166.5,23.8,1.21,114.95,45,43,39,4,Completed,32.3,90.7,17.91
ORD-100236,2026-05-23,Lucknow,R-09,DRV-024,Mini Truck,45.5,6,High,Rain,120.0,186.4,31.1,4.94,469.3,26,25,21,4,Completed,66.4,84.0,14.65
ORD-100237,2026-02-08,Jaipur,R-19,DRV-022,Bike,62.5,11,Low,Cloudy,184.1,187.8,17.1,1.15,109.25,20,19,17,2,Completed,3.7,89.47,19.97
ORD-100238,2026-03-21,Lucknow,R-20,DRV-023,Van,24.0,6,Low,Cloudy,83.1,91.3,15.2,1.79,170.05,23,21,18,3,Completed,8.2,85.71,15.77
ORD-100239,2026-05-24,Lucknow,R-05,DRV-022,Mini Truck,25.4,12,High,Rain,127.5,187.8,15.7,3.1,294.5,37,36,31,5,Completed,60.3,86.11,8.12
ORD-100240,2026-06-25,Gurugram,R-17,DRV-012,Truck,49.3,7,Low,Cloudy,133.5,127.6,18.2,9.2,874.0,15,14,12,2,Completed,-5.9,85.71,23.18
ORD-100241,2026-03-21,Noida,R-11,DRV-025,Van,45.6,8,Medium,Clear,134.2,151.1,18.9,3.41,323.95,21,20,16,4,Completed,16.9,80.0,18.11
ORD-100242,2026-02-27,Noida,R-03,DRV-010,Van,44.3,13,Low,Rain,166.9,172.0,13.2,2.99,284.05,29,27,25,2,Completed,5.1,92.59,15.45
ORD-100243,2026-05-19,Delhi,R-20,DRV-005,Mini Truck,50.8,9,High,Cloudy,150.1,227.2,25.2,5.83,553.85,23,22,22,0,Completed,77.1,100.0,13.42
ORD-100244,2026-02-09,Noida,R-20,DRV-026,Van,39.6,5,Low,Rain,102.9,125.5,25.1,2.8,266.0,7,6,5,1,Partial,22.6,83.33,18.93
ORD-100245,2026-04-23,Delhi,R-12,DRV-022,Truck,40.4,8,High,Clear,125.3,171.7,21.5,7.76,737.2,21,20,17,3,Completed,46.4,85.0,14.12
ORD-100246,2026-04-24,Faridabad,R-08,DRV-018,Truck,55.3,9,Low,Cloudy,157.8,150.4,16.7,10.93,1038.35,20,19,17,2,Completed,-7.4,89.47,22.06
ORD-100247,2026-05-01,Ghaziabad,R-19,DRV-015,Mini Truck,75.1,7,Medium,Cloudy,177.7,204.6,29.2,8.33,791.35,22,21,17,4,Completed,26.9,80.95,22.02
ORD-100248,2026-04-08,Lucknow,R-07,DRV-026,Van,23.0,4,High,Clear,67.4,97.9,24.5,1.87,177.65,24,22,20,2,Completed,30.5,90.91,14.1
ORD-100249,2026-03-06,Delhi,R-12,DRV-018,Truck,62.9,5,Low,Rain,142.8,163.0,32.6,12.33,1171.35,29,27,26,1,Completed,20.2,96.3,23.15
ORD-100250,2026-05-13,Gurugram,R-03,DRV-025,Mini Truck,3.0,10,Low,Cloudy,75.1,73.3,8.0,0.28,26.6,29,28,25,3,Completed,-1.8,89.29,2.46
ORD-100251,2026-04-26,Noida,R-03,DRV-030,Truck,59.2,12,Low,Cloudy,185.5,211.2,17.6,12.18,1157.1,30,28,22,6,Completed,25.7,78.57,16.82
ORD-100252,2026-03-31,Delhi,R-02,DRV-013,Truck,37.6,5,High,Cloudy,99.5,162.4,32.5,6.74,640.3,25,24,21,3,Completed,62.9,87.5,13.89
ORD-100253,2026-03-02,Lucknow,R-12,DRV-008,Bike,72.5,6,Low,Cloudy,166.3,174.0,29.0,1.52,144.4,14,12,10,2,Partial,7.7,83.33,25.0
ORD-100254,2026-01-26,Jaipur,R-05,DRV-002,Van,34.3,5,Medium,Cloudy,93.8,98.6,19.7,2.43,230.85,12,11,10,1,Completed,4.8,90.91,20.87
ORD-100255,2026-06-28,Noida,R-15,DRV-020,Truck,15.8,7,Low,Clear,76.1,71.5,10.2,2.95,280.25,35,30,27,3,Partial,-4.6,90.0,13.26
ORD-100256,2026-01-05,Faridabad,R-05,DRV-018,Van,39.1,10,High,Rain,137.0,210.7,21.1,2.62,248.9,22,19,18,1,Partial,73.7,94.74,11.13
ORD-100257,2026-05-16,Lucknow,R-10,DRV-008,Bike,42.4,13,Medium,Clear,163.7,187.3,14.4,0.89,84.55,12,10,8,2,Partial,23.6,80.0,13.58
ORD-100258,2026-01-13,Ghaziabad,R-20,DRV-015,Truck,46.8,9,Low,Clear,143.2,125.1,13.9,9.12,866.4,21,19,19,0,Completed,-18.1,100.0,22.45
ORD-100259,2026-05-08,Delhi,R-05,DRV-010,Van,58.1,7,Medium,Clear,148.6,158.7,22.7,3.44,326.8,19,17,14,3,Partial,10.1,82.35,21.97
ORD-100260,2026-06-07,Jaipur,R-19,DRV-014,Van,39.6,8,Low,Rain,123.9,136.3,17.0,2.68,254.6,26,24,20,4,Completed,12.4,83.33,17.43
ORD-100261,2026-06-21,Gurugram,R-03,DRV-017,Mini Truck,67.4,7,High,Rain,164.5,249.1,35.6,7.91,751.45,26,25,23,2,Completed,84.6,92.0,16.23
ORD-100262,2026-05-10,Delhi,R-16,DRV-002,Truck,31.0,9,High,Cloudy,116.1,146.7,16.3,5.69,540.55,24,22,19,3,Completed,30.6,86.36,12.68
ORD-100263,2026-04-06,Faridabad,R-12,DRV-026,Bike,8.1,6,Low,Cloudy,55.9,58.0,9.7,0.18,17.1,16,15,12,3,Completed,2.1,80.0,8.38
ORD-100264,2026-03-03,Gurugram,R-05,DRV-002,Mini Truck,59.5,9,Medium,Rain,165.0,201.5,22.4,7.55,717.25,15,14,13,1,Completed,36.5,92.86,17.72
ORD-100265,2026-03-28,Noida,R-16,DRV-021,Truck,29.9,12,Low,Clear,135.3,132.6,11.0,5.56,528.2,27,25,23,2,Completed,-2.7,92.0,13.53
ORD-100266,2026-01-17,Chandigarh,R-10,DRV-007,Bike,56.3,2,Low,Clear,110.5,122.0,61.0,1.08,102.6,33,32,27,5,Completed,11.5,84.38,27.69
ORD-100267,2026-01-11,Jaipur,R-17,DRV-013,Mini Truck,34.6,4,High,Cloudy,87.3,119.3,29.8,3.75,356.25,31,30,29,1,Completed,32.0,96.67,17.4
ORD-100268,2026-03-06,Delhi,R-10,DRV-012,Van,31.9,7,Low,Rain,103.7,100.5,14.4,2.13,202.35,32,32,26,6,Completed,-3.2,81.25,19.04
ORD-100269,2026-03-26,Faridabad,R-12,DRV-014,Bike,31.3,7,Medium,Rain,102.7,135.2,19.3,0.65,61.75,28,25,22,3,Partial,32.5,88.0,13.89
ORD-100270,2026-04-23,Lucknow,R-06,DRV-016,Mini Truck,51.8,8,High,Cloudy,144.8,194.3,24.3,5.71,542.45,24,22,19,3,Completed,49.5,86.36,16.0
ORD-100271,2026-04-05,Faridabad,R-14,DRV-003,Bike,70.8,9,Medium,Rain,184.4,231.9,25.8,1.66,157.7,22,21,19,2,Completed,47.5,90.48,18.32
ORD-100272,2026-02-16,Faridabad,R-04,DRV-003,Mini Truck,40.1,9,Medium,Rain,131.7,148.3,16.5,4.05,384.75,15,14,14,0,Completed,16.6,100.0,16.22
ORD-100273,2026-03-17,Faridabad,R-20,DRV-023,Truck,82.2,9,Medium,Clear,203.9,243.9,27.1,12.79,1215.05,20,18,15,3,Completed,40.0,83.33,20.22
ORD-100274,2026-06-26,Chandigarh,R-15,DRV-002,Mini Truck,39.0,6,High,Cloudy,108.9,127.4,21.2,4.59,436.05,16,15,15,0,Completed,18.5,100.0,18.37
ORD-100275,2026-06-07,Lucknow,R-02,DRV-003,Mini Truck,25.5,1,High,Rain,50.7,74.9,74.9,3.08,292.6,40,35,32,3,Partial,24.2,91.43,20.43
ORD-100276,2026-04-14,Jaipur,R-01,DRV-005,Van,33.6,7,High,Rain,106.6,195.3,27.9,2.11,200.45,27,25,24,1,Completed,88.7,96.0,10.32
ORD-100277,2026-04-23,Delhi,R-03,DRV-008,Van,43.8,8,High,Cloudy,131.1,176.6,22.1,3.2,304.0,22,21,18,3,Completed,45.5,85.71,14.88
ORD-100278,2026-04-03,Lucknow,R-20,DRV-005,Bike,48.8,7,High,Cloudy,132.7,201.1,28.7,1.08,102.6,10,9,7,2,Completed,68.4,77.78,14.56
ORD-100279,2026-04-05,Jaipur,R-03,DRV-019,Truck,30.2,6,Low,Rain,93.8,116.6,19.4,4.55,432.25,50,49,45,4,Completed,22.8,91.84,15.54
ORD-100280,2026-04-04,Lucknow,R-09,DRV-008,Mini Truck,41.0,8,Low,Clear,126.3,131.6,16.4,4.79,455.05,29,27,24,3,Completed,5.3,88.89,18.69
ORD-100281,2026-02-17,Chandigarh,R-18,DRV-004,Truck,39.3,7,Medium,Cloudy,116.4,150.4,21.5,7.48,710.6,1,0,0,0,Partial,34.0,0.0,15.68
ORD-100282,2026-06-30,Chandigarh,R-20,DRV-010,Van,41.7,6,High,Cloudy,113.5,172.0,28.7,3.2,304.0,18,17,14,3,Completed,58.5,82.35,14.55
ORD-100283,2026-02-21,Gurugram,R-03,DRV-015,Van,17.2,6,Low,Rain,71.5,85.6,14.3,1.32,125.4,29,28,26,2,Completed,14.1,92.86,12.06
ORD-100284,2026-04-24,Gurugram,R-12,DRV-023,Mini Truck,30.5,9,Low,Rain,115.3,137.4,15.3,3.59,341.05,34,32,29,3,Completed,22.1,90.62,13.32
ORD-100285,2026-05-19,Faridabad,R-06,DRV-023,Mini Truck,61.3,7,High,Rain,154.1,216.6,30.9,6.72,638.4,19,17,15,2,Partial,62.5,88.24,16.98
ORD-100286,2026-06-13,Noida,R-17,DRV-008,Mini Truck,27.7,7,Low,Clear,96.5,81.9,11.7,3.13,297.35,25,22,20,2,Partial,-14.6,90.91,20.29
ORD-100287,2026-02-05,Ghaziabad,R-01,DRV-012,Truck,58.9,3,High,Rain,122.0,173.2,57.7,10.05,954.75,17,16,14,2,Completed,51.2,87.5,20.4
ORD-100288,2026-04-05,Chandigarh,R-20,DRV-029,Van,37.2,1,Low,Clear,70.8,74.4,74.4,2.39,227.05,25,23,22,1,Completed,3.6,95.65,30.0
ORD-100289,2026-03-21,Lucknow,R-17,DRV-014,Truck,18.4,1,Medium,Rain,38.5,50.3,50.3,3.83,363.85,34,32,28,4,Completed,11.8,87.5,21.95
ORD-100290,2026-01-19,Noida,R-03,DRV-015,Mini Truck,56.5,5,Medium,Rain,131.9,176.4,35.3,6.53,620.35,33,33,30,3,Completed,44.5,90.91,19.22
ORD-100291,2026-05-13,Jaipur,R-18,DRV-021,Van,32.8,7,High,Clear,105.2,121.9,17.4,2.21,209.95,21,19,17,2,Completed,16.7,89.47,16.14
ORD-100292,2026-02-03,Lucknow,R-04,DRV-017,Bike,27.2,11,Low,Cloudy,123.6,127.3,11.6,0.6,57.0,22,20,19,1,Completed,3.7,95.0,12.82
ORD-100293,2026-02-12,Noida,R-08,DRV-012,Mini Truck,26.4,6,High,Cloudy,87.3,118.4,19.7,2.62,248.9,18,16,15,1,Partial,31.1,93.75,13.38
ORD-100294,2026-01-21,Faridabad,R-18,DRV-009,Van,46.7,8,Low,Rain,136.1,162.8,20.4,3.3,313.5,28,26,24,2,Completed,26.7,92.31,17.21
ORD-100295,2026-03-19,Gurugram,R-19,DRV-019,Van,31.5,1,Low,Clear,61.0,60.3,60.3,2.51,238.45,32,31,30,1,Completed,-0.7,96.77,31.34
ORD-100296,2026-06-18,Jaipur,R-01,DRV-003,Bike,43.6,8,Low,Rain,130.7,139.2,17.4,0.94,89.3,29,28,25,3,Completed,8.5,89.29,18.79
ORD-100297,2026-05-28,Faridabad,R-19,DRV-014,Van,33.9,8,High,Rain,114.1,180.8,22.6,2.14,203.3,6,5,4,1,Partial,66.7,80.0,11.25
ORD-100298,2026-01-08,Chandigarh,R-10,DRV-016,Mini Truck,32.9,7,Low,Rain,105.4,113.8,16.3,4.08,387.6,27,25,23,2,Completed,8.4,92.0,17.35
ORD-100299,2026-04-14,Faridabad,R-03,DRV-023,Truck,21.5,11,Low,Clear,113.9,113.2,10.3,4.12,391.4,16,14,13,1,Partial,-0.7,92.86,11.4
ORD-100300,2026-04-23,Lucknow,R-15,DRV-007,Truck,48.8,5,Medium,Rain,118.7,142.2,28.4,9.67,918.65,15,15,12,3,Completed,23.5,80.0,20.59
ORD-100301,2026-02-06,Jaipur,R-12,DRV-013,Mini Truck,53.5,7,Low,Cloudy,140.7,151.9,21.7,5.69,540.55,23,21,17,4,Completed,11.2,80.95,21.13
ORD-100302,2026-05-12,Gurugram,R-08,DRV-015,Mini Truck,55.3,6,Low,Cloudy,136.8,138.3,23.1,5.66,537.7,4,3,3,0,Partial,1.5,100.0,23.99
ORD-100303,2026-04-26,Ghaziabad,R-04,DRV-002,Van,56.1,7,Medium,Cloudy,145.2,168.4,24.1,4.01,380.95,29,25,24,1,Partial,23.2,96.0,19.99
ORD-100304,2026-06-07,Lucknow,R-06,DRV-027,Van,54.9,10,Medium,Rain,164.1,218.8,21.9,3.93,373.35,30,28,24,4,Completed,54.7,85.71,15.05
ORD-100305,2026-03-22,Ghaziabad,R-16,DRV-017,Van,31.7,8,Medium,Cloudy,110.3,146.8,18.4,2.04,193.8,13,12,10,2,Completed,36.5,83.33,12.96
ORD-100306,2026-03-20,Chandigarh,R-03,DRV-013,Bike,45.1,8,High,Cloudy,133.3,182.0,22.8,1.12,106.4,12,10,9,1,Partial,48.7,90.0,14.87
ORD-100307,2026-03-03,Ghaziabad,R-02,DRV-002,Mini Truck,12.4,7,Medium,Cloudy,70.3,94.3,13.5,1.38,131.1,26,23,20,3,Partial,24.0,86.96,7.89
ORD-100308,2026-06-02,Chandigarh,R-18,DRV-001,Mini Truck,35.2,7,Low,Cloudy,109.3,124.1,17.7,4.09,388.55,16,15,14,1,Completed,14.8,93.33,17.02
ORD-100309,2026-02-04,Faridabad,R-13,DRV-012,Mini Truck,62.5,12,Low,Cloudy,191.1,180.8,15.1,6.49,616.55,14,13,12,1,Completed,-10.3,92.31,20.74
ORD-100310,2026-01-14,Ghaziabad,R-18,DRV-010,Mini Truck,59.8,7,Low,Cloudy,151.5,152.1,21.7,6.73,639.35,18,18,14,4,Completed,0.6,77.78,23.59
ORD-100311,2026-05-10,Chandigarh,R-20,DRV-022,Mini Truck,45.3,14,High,Clear,175.7,237.3,16.9,4.96,471.2,22,20,19,1,Completed,61.6,95.0,11.45
ORD-100312,2026-02-02,Gurugram,R-12,DRV-026,Truck,3.0,12,Medium,Rain,89.1,101.7,8.5,0.53,50.35,21,20,16,4,Completed,12.6,80.0,1.77
ORD-100313,2026-04-04,Noida,R-20,DRV-017,Van,50.3,14,Medium,Rain,184.2,211.4,15.1,3.65,346.75,19,18,16,2,Completed,27.2,88.89,14.28
ORD-100314,2026-01-11,Delhi,R-05,DRV-023,Bike,30.5,9,Medium,Cloudy,115.3,156.3,17.4,0.67,63.65,30,26,22,4,Partial,41.0,84.62,11.71
ORD-100315,2026-05-13,Chandigarh,R-20,DRV-029,Van,50.5,12,High,Clear,170.6,236.9,19.7,3.52,334.4,24,21,19,2,Partial,66.3,90.48,12.79
ORD-100316,2026-03-25,Jaipur,R-13,DRV-020,Van,57.9,6,High,Cloudy,141.3,189.1,31.5,4.22,400.9,21,19,19,0,Completed,47.8,100.0,18.37
ORD-100317,2026-06-01,Jaipur,R-19,DRV-010,Truck,37.6,6,Medium,Clear,106.5,116.1,19.3,7.24,687.8,23,21,20,1,Completed,9.6,95.24,19.43
ORD-100318,2026-04-05,Jaipur,R-14,DRV-019,Bike,67.6,6,Medium,Rain,157.9,173.0,28.8,1.62,153.9,19,18,14,4,Completed,15.1,77.78,23.45
ORD-100319,2026-06-26,Delhi,R-09,DRV-021,Truck,58.1,4,High,Rain,127.6,204.2,51.0,10.58,1005.1,17,15,14,1,Partial,76.6,93.33,17.07
ORD-100320,2026-02-28,Delhi,R-06,DRV-017,Truck,43.9,9,High,Rain,138.3,242.2,26.9,6.98,663.1,37,34,29,5,Completed,103.9,85.29,10.88
ORD-100321,2026-06-08,Lucknow,R-08,DRV-002,Van,18.1,7,High,Rain,80.0,129.9,18.6,1.28,121.6,37,32,29,3,Partial,49.9,90.62,8.36
ORD-100322,2026-01-29,Ghaziabad,R-15,DRV-011,Bike,19.5,9,Medium,Clear,96.4,118.7,13.2,0.42,39.9,4,3,2,1,Partial,22.3,66.67,9.86
ORD-100323,2026-04-16,Ghaziabad,R-17,DRV-025,Truck,49.3,11,High,Cloudy,161.5,205.3,18.7,9.45,897.75,34,29,26,3,Partial,43.8,89.66,14.41
ORD-100324,2026-01-16,Noida,R-18,DRV-011,Van,32.9,7,High,Cloudy,105.4,150.6,21.5,2.26,214.7,19,17,14,3,Partial,45.2,82.35,13.11
ORD-100325,2026-05-15,Lucknow,R-06,DRV-015,Mini Truck,22.5,10,High,Cloudy,108.6,137.1,13.7,2.63,249.85,28,24,20,4,Partial,28.5,83.33,9.85
ORD-100326,2026-05-20,Jaipur,R-20,DRV-016,Mini Truck,63.5,5,Low,Clear,143.9,138.6,27.7,7.32,695.4,31,28,24,4,Completed,-5.3,85.71,27.49
ORD-100327,2026-03-13,Faridabad,R-10,DRV-025,Van,67.6,13,Medium,Rain,206.9,287.4,22.1,4.86,461.7,18,16,15,1,Partial,80.5,93.75,14.11
ORD-100328,2026-02-23,Chandigarh,R-16,DRV-012,Mini Truck,49.5,12,High,Rain,168.9,268.7,22.4,4.84,459.8,33,29,25,4,Partial,99.8,86.21,11.05
ORD-100329,2026-03-12,Faridabad,R-19,DRV-022,Bike,46.5,13,High,Cloudy,170.7,296.4,22.8,1.08,102.6,23,22,21,1,Completed,125.7,95.45,9.41
ORD-100330,2026-04-12,Jaipur,R-10,DRV-002,Van,36.2,13,Medium,Rain,153.1,200.8,15.4,2.69,255.55,30,28,26,2,Completed,47.7,92.86,10.82
ORD-100331,2026-01-21,Jaipur,R-09,DRV-024,Truck,30.9,6,Medium,Clear,95.0,99.6,16.6,5.82,552.9,31,29,29,0,Completed,4.6,100.0,18.61
ORD-100332,2026-02-21,Faridabad,R-05,DRV-004,Mini Truck,41.9,10,High,Rain,141.8,195.7,19.6,4.51,428.45,30,29,25,4,Completed,53.9,86.21,12.85
ORD-100333,2026-05-31,Ghaziabad,R-02,DRV-022,Van,40.7,3,High,Clear,90.8,119.1,39.7,3.11,295.45,29,27,24,3,Completed,28.3,88.89,20.5
ORD-100334,2026-06-13,Ghaziabad,R-04,DRV-014,Bike,42.1,6,Medium,Rain,114.2,155.3,25.9,0.97,92.15,28,25,19,6,Partial,41.1,76.0,16.27
ORD-100335,2026-05-01,Gurugram,R-01,DRV-018,Van,61.7,6,Low,Cloudy,147.8,141.7,23.6,4.65,441.75,21,20,18,2,Completed,-6.1,90.0,26.13
ORD-100336,2026-06-17,Chandigarh,R-07,DRV-025,Truck,54.3,3,Medium,Cloudy,114.1,148.3,49.4,10.08,957.6,22,20,16,4,Completed,34.2,80.0,21.97
ORD-100337,2026-03-15,Delhi,R-19,DRV-008,Bike,49.4,4,High,Rain,112.7,152.0,38.0,0.96,91.2,33,30,30,0,Completed,39.3,100.0,19.5
ORD-100338,2026-01-10,Noida,R-06,DRV-030,Truck,32.4,2,Low,Cloudy,69.5,65.2,32.6,6.47,614.65,23,21,19,2,Completed,-4.3,90.48,29.82
ORD-100339,2026-05-07,Noida,R-02,DRV-001,Mini Truck,51.0,11,Medium,Rain,164.4,236.3,21.5,5.5,522.5,14,12,11,1,Partial,71.9,91.67,12.95
ORD-100340,2026-06-04,Gurugram,R-10,DRV-015,Mini Truck,24.7,5,High,Rain,77.3,120.1,24.0,2.73,259.35,25,22,19,3,Partial,42.8,86.36,12.34
ORD-100341,2026-05-15,Chandigarh,R-17,DRV-015,Van,25.4,10,Medium,Clear,113.5,141.3,14.1,1.55,147.25,17,14,12,2,Partial,27.8,85.71,10.79
ORD-100342,2026-01-29,Jaipur,R-15,DRV-021,Van,40.5,3,Medium,Rain,90.4,107.8,35.9,2.66,252.7,26,24,20,4,Completed,17.4,83.33,22.54
ORD-100343,2026-02-17,Delhi,R-10,DRV-019,Mini Truck,45.2,6,High,Clear,119.5,157.8,26.3,5.69,540.55,35,31,29,2,Partial,38.3,93.55,17.19
ORD-100344,2026-02-14,Lucknow,R-17,DRV-011,Truck,56.6,4,Low,Cloudy,125.0,137.2,34.3,11.56,1098.2,16,14,13,1,Partial,12.2,92.86,24.75
ORD-100345,2026-06-21,Gurugram,R-05,DRV-016,Van,46.9,9,Medium,Clear,143.4,169.4,18.8,3.45,327.75,14,13,12,1,Completed,26.0,92.31,16.61
ORD-100346,2026-01-02,Faridabad,R-08,DRV-015,Truck,37.9,7,Medium,Cloudy,114.0,118.5,16.9,7.17,681.15,29,27,26,1,Completed,4.5,96.3,19.19
ORD-100347,2026-03-19,Delhi,R-12,DRV-023,Mini Truck,36.0,9,Low,Clear,124.7,114.5,12.7,3.99,379.05,23,21,18,3,Completed,-10.2,85.71,18.86
ORD-100348,2026-06-20,Gurugram,R-10,DRV-006,Truck,39.6,10,Medium,Rain,137.9,171.4,17.1,6.27,595.65,38,37,30,7,Completed,33.5,81.08,13.86
ORD-100349,2026-05-09,Faridabad,R-10,DRV-012,Bike,54.4,6,High,Clear,135.3,186.5,31.1,1.24,117.8,23,20,17,3,Partial,51.2,85.0,17.5
ORD-100350,2026-02-26,Noida,R-05,DRV-015,Truck,25.5,5,High,Rain,78.7,118.4,23.7,4.37,415.15,30,29,25,4,Completed,39.7,86.21,12.92
ORD-100351,2026-04-06,Lucknow,R-18,DRV-026,Truck,46.3,9,High,Clear,142.4,199.5,22.2,8.47,804.65,30,28,23,5,Completed,57.1,82.14,13.92
ORD-100352,2026-03-05,Gurugram,R-17,DRV-023,Truck,57.6,10,Medium,Clear,168.7,182.2,18.2,10.5,997.5,30,27,26,1,Completed,13.5,96.3,18.97
ORD-100353,2026-05-25,Gurugram,R-18,DRV-029,Bike,84.5,5,High,Clear,179.9,216.0,43.2,1.92,182.4,30,27,26,1,Completed,36.1,96.3,23.47
ORD-100354,2026-05-27,Noida,R-11,DRV-028,Van,17.9,10,High,Cloudy,100.7,133.2,13.3,1.45,137.75,40,36,31,5,Completed,32.5,86.11,8.06
ORD-100355,2026-01-30,Ghaziabad,R-03,DRV-029,Truck,57.5,6,High,Cloudy,140.6,194.8,32.5,10.48,995.6,9,8,6,2,Partial,54.2,75.0,17.71
ORD-100356,2026-01-15,Chandigarh,R-17,DRV-014,Van,33.1,12,Medium,Rain,140.7,163.0,13.6,2.52,239.4,22,20,19,1,Completed,22.3,95.0,12.18
ORD-100357,2026-01-15,Chandigarh,R-01,DRV-013,Mini Truck,48.1,9,Medium,Clear,145.5,180.3,20.0,5.2,494.0,20,17,14,3,Partial,34.8,82.35,16.01
ORD-100358,2026-02-25,Gurugram,R-14,DRV-012,Bike,95.1,11,High,Clear,240.0,289.0,26.3,1.89,179.55,28,26,24,2,Completed,49.0,92.31,19.74
ORD-100359,2026-05-19,Delhi,R-16,DRV-002,Bike,37.4,7,Medium,Cloudy,113.1,137.5,19.6,0.84,79.8,7,6,5,1,Partial,24.4,83.33,16.32
ORD-100360,2026-02-16,Noida,R-12,DRV-029,Truck,45.2,16,Medium,Cloudy,189.5,231.1,14.4,8.01,760.95,32,30,28,2,Completed,41.6,93.33,11.74
ORD-100361,2026-04-07,Lucknow,R-18,DRV-005,Bike,52.9,14,High,Cloudy,188.7,238.6,17.0,1.22,115.9,17,16,13,3,Completed,49.9,81.25,13.3
ORD-100362,2026-01-31,Noida,R-17,DRV-005,Truck,34.5,7,High,Clear,108.1,157.3,22.5,6.73,639.35,15,14,12,2,Completed,49.2,85.71,13.16
ORD-100363,2026-01-01,Delhi,R-15,DRV-022,Mini Truck,19.3,7,High,Rain,82.1,121.1,17.3,2.56,243.2,28,24,21,3,Partial,39.0,87.5,9.56
ORD-100364,2026-04-19,Lucknow,R-08,DRV-015,Van,60.4,14,Medium,Clear,201.5,202.3,14.5,3.67,348.65,39,37,31,6,Completed,0.8,83.78,17.91
ORD-100365,2026-03-12,Ghaziabad,R-02,DRV-026,Bike,51.6,1,High,Cloudy,95.5,132.8,132.8,1.18,112.1,32,28,25,3,Partial,37.3,89.29,23.31
ORD-100366,2026-06-07,Delhi,R-07,DRV-003,Van,25.3,8,Low,Rain,99.4,103.4,12.9,1.75,166.25,17,16,15,1,Completed,4.0,93.75,14.68
ORD-100367,2026-01-09,Chandigarh,R-08,DRV-024,Bike,37.8,8,Low,Cloudy,120.8,110.0,13.8,0.82,77.9,24,24,20,4,Completed,-10.8,83.33,20.62
ORD-100368,2026-04-23,Ghaziabad,R-02,DRV-005,Van,68.4,10,High,Cloudy,187.3,266.3,26.6,5.57,529.15,27,25,22,3,Completed,79.0,88.0,15.41
ORD-100369,2026-03-01,Jaipur,R-08,DRV-010,Mini Truck,64.0,11,Low,Rain,186.7,198.6,18.1,6.36,604.2,23,20,18,2,Partial,11.9,90.0,19.34
ORD-100370,2026-05-14,Ghaziabad,R-10,DRV-009,Truck,64.3,6,Low,Rain,152.2,169.9,28.3,11.75,1116.25,31,26,22,4,Partial,17.7,84.62,22.71
ORD-100371,2026-06-01,Noida,R-18,DRV-016,Truck,45.8,11,Low,Cloudy,155.5,153.9,14.0,7.08,672.6,29,26,21,5,Partial,-1.6,80.77,17.86
ORD-100372,2026-06-14,Lucknow,R-14,DRV-014,Mini Truck,30.8,7,Low,Cloudy,101.8,99.8,14.3,2.82,267.9,32,31,29,2,Completed,-2.0,93.55,18.52
ORD-100373,2026-04-07,Noida,R-08,DRV-028,Truck,21.5,7,Low,Cloudy,85.9,88.4,12.6,4.1,389.5,30,27,24,3,Completed,2.5,88.89,14.59
ORD-100374,2026-02-06,Chandigarh,R-18,DRV-014,Bike,50.2,12,Medium,Rain,170.1,231.4,19.3,1.19,113.05,25,24,22,2,Completed,61.3,91.67,13.02
ORD-100375,2026-05-16,Noida,R-08,DRV-009,Truck,26.5,12,Low,Cloudy,129.4,140.7,11.7,4.65,441.75,21,19,17,2,Completed,11.3,89.47,11.3
ORD-100376,2026-06-15,Gurugram,R-12,DRV-003,Truck,45.6,8,High,Rain,134.2,230.5,28.8,9.0,855.0,26,25,21,4,Completed,96.3,84.0,11.87
ORD-100377,2026-02-18,Delhi,R-13,DRV-022,Mini Truck,49.2,13,High,Rain,175.3,260.4,20.0,5.1,484.5,19,17,14,3,Partial,85.1,82.35,11.34
ORD-100378,2026-01-11,Gurugram,R-19,DRV-024,Van,35.3,3,High,Rain,81.5,123.4,41.1,2.7,256.5,17,17,15,2,Completed,41.9,88.24,17.16
ORD-100379,2026-02-25,Chandigarh,R-11,DRV-010,Van,60.6,6,Low,Clear,145.9,155.9,26.0,3.95,375.25,32,30,28,2,Completed,10.0,93.33,23.32
ORD-100380,2026-02-18,Gurugram,R-08,DRV-023,Truck,20.8,5,High,Rain,70.7,112.0,22.4,3.49,331.55,28,24,23,1,Partial,41.3,95.83,11.14
ORD-100381,2026-02-22,Lucknow,R-18,DRV-011,Van,19.8,9,Medium,Cloudy,96.9,120.5,13.4,1.34,127.3,29,27,23,4,Completed,23.6,85.19,9.86
ORD-100382,2026-04-30,Jaipur,R-09,DRV-012,Mini Truck,23.8,2,High,Cloudy,54.8,78.3,39.1,2.31,219.45,25,23,21,2,Completed,23.5,91.3,18.24
ORD-100383,2026-04-30,Gurugram,R-11,DRV-030,Truck,36.6,7,Low,Cloudy,111.7,121.8,17.4,6.83,648.85,27,25,20,5,Completed,10.1,80.0,18.03
ORD-100384,2026-03-22,Lucknow,R-19,DRV-028,Bike,55.6,9,Low,Rain,158.3,162.9,18.1,1.21,114.95,24,22,20,2,Completed,4.6,90.91,20.48
ORD-100385,2026-02-07,Delhi,R-18,DRV-030,Mini Truck,67.8,11,High,Rain,193.2,261.5,23.8,7.91,751.45,35,33,32,1,Completed,68.3,96.97,15.56
ORD-100386,2026-04-17,Faridabad,R-07,DRV-011,Van,78.2,11,Low,Cloudy,211.1,221.8,20.2,6.05,574.75,26,24,21,3,Completed,10.7,87.5,21.15
ORD-100387,2026-05-26,Ghaziabad,R-18,DRV-021,Truck,70.1,5,High,Cloudy,155.2,242.3,48.5,13.26,1259.7,13,12,9,3,Completed,87.1,75.0,17.36
ORD-100388,2026-03-07,Chandigarh,R-15,DRV-006,Truck,53.3,10,High,Cloudy,161.4,213.8,21.4,9.79,930.05,40,36,30,6,Completed,52.4,83.33,14.96
ORD-100389,2026-02-13,Noida,R-06,DRV-030,Truck,68.7,13,High,Rain,208.8,315.8,24.3,13.5,1282.5,35,31,27,4,Partial,107.0,87.1,13.05
ORD-100390,2026-01-16,Delhi,R-02,DRV-025,Bike,64.2,13,Low,Cloudy,201.1,216.5,16.7,1.33,126.35,40,36,32,4,Completed,15.4,88.89,17.79
ORD-100391,2026-02-05,Ghaziabad,R-05,DRV-001,Bike,48.2,12,Low,Rain,166.6,199.3,16.6,1.11,105.45,28,26,24,2,Completed,32.7,92.31,14.51
ORD-100392,2026-04-27,Jaipur,R-20,DRV-021,Bike,3.0,7,High,Rain,54.1,83.4,11.9,0.06,5.7,28,26,26,0,Completed,29.3,100.0,2.16
ORD-100393,2026-05-04,Chandigarh,R-01,DRV-018,Bike,70.3,6,High,Cloudy,162.5,223.2,37.2,1.55,147.25,21,19,16,3,Completed,60.7,84.21,18.9
ORD-100394,2026-01-04,Delhi,R-18,DRV-010,Mini Truck,21.6,9,Low,Rain,100.0,117.6,13.1,2.25,213.75,32,29,26,3,Completed,17.6,89.66,11.02
ORD-100395,2026-06-28,Lucknow,R-04,DRV-030,Van,56.8,7,Low,Rain,146.4,169.9,24.3,3.89,369.55,23,21,18,3,Completed,23.5,85.71,20.06
ORD-100396,2026-02-08,Ghaziabad,R-20,DRV-017,Van,38.8,3,Medium,Cloudy,87.5,99.6,33.2,2.71,257.45,22,20,18,2,Completed,12.1,90.0,23.37
ORD-100397,2026-03-10,Lucknow,R-12,DRV-013,Bike,50.6,10,Medium,Rain,156.7,191.3,19.1,1.02,96.9,16,14,12,2,Partial,34.6,85.71,15.87
ORD-100398,2026-03-04,Ghaziabad,R-03,DRV-021,Mini Truck,28.1,4,High,Clear,76.2,99.1,24.8,3.17,301.15,29,26,23,3,Partial,22.9,88.46,17.01
ORD-100399,2026-01-24,Lucknow,R-13,DRV-018,Truck,25.3,7,Medium,Clear,92.4,99.0,14.1,4.81,456.95,10,9,8,1,Completed,6.6,88.89,15.33
ORD-100400,2026-06-13,Delhi,R-03,DRV-016,Van,45.3,16,Medium,Rain,189.7,251.2,15.7,2.98,283.1,24,20,18,2,Partial,61.5,90.0,10.82
ORD-100401,2026-03-26,Gurugram,R-08,DRV-007,Bike,27.0,10,High,Rain,116.3,168.1,16.8,0.59,56.05,19,19,16,3,Completed,51.8,84.21,9.64
ORD-100402,2026-05-02,Faridabad,R-03,DRV-022,Bike,75.0,10,Medium,Rain,198.6,265.7,26.6,1.72,163.4,28,24,21,3,Partial,67.1,87.5,16.94
ORD-100403,2026-05-25,Delhi,R-11,DRV-001,Van,57.2,7,Low,Rain,147.1,146.2,20.9,4.07,386.65,38,37,33,4,Completed,-0.9,89.19,23.47
ORD-100404,2026-02-06,Lucknow,R-10,DRV-006,Bike,59.1,6,High,Clear,143.3,167.1,27.8,1.22,115.9,37,34,30,4,Completed,23.8,88.24,21.22
ORD-100405,2026-05-26,Lucknow,R-13,DRV-025,Mini Truck,36.6,13,High,Clear,153.7,234.5,18.0,4.79,455.05,23,21,17,4,Completed,80.8,80.95,9.36
ORD-100406,2026-06-26,Gurugram,R-02,DRV-004,Mini Truck,68.6,4,Medium,Clear,145.6,170.3,42.6,6.95,660.25,20,18,15,3,Completed,24.7,83.33,24.17
ORD-100407,2026-01-20,Jaipur,R-11,DRV-001,Truck,32.3,6,High,Cloudy,97.4,144.5,24.1,5.35,508.25,26,25,21,4,Completed,47.1,84.0,13.41
ORD-100408,2026-04-26,Chandigarh,R-12,DRV-018,Van,29.1,7,Medium,Cloudy,98.9,128.2,18.3,2.11,200.45,20,19,16,3,Completed,29.3,84.21,13.62
ORD-100409,2026-02-17,Lucknow,R-20,DRV-010,Bike,54.3,9,Low,Rain,156.1,170.5,18.9,1.13,107.35,17,16,15,1,Completed,14.4,93.75,19.11
ORD-100410,2026-01-19,Gurugram,R-05,DRV-013,Mini Truck,30.5,9,High,Rain,115.3,145.2,16.1,3.23,306.85,24,21,17,4,Partial,29.9,80.95,12.6
ORD-100411,2026-02-09,Lucknow,R-12,DRV-004,Mini Truck,30.0,8,Low,Clear,107.4,105.8,13.2,2.74,260.3,8,7,6,1,Partial,-1.6,85.71,17.01
ORD-100412,2026-03-20,Chandigarh,R-09,DRV-004,Mini Truck,3.0,6,Low,Clear,47.1,45.1,8.0,0.37,35.15,21,20,18,2,Completed,-2.0,90.0,3.99
ORD-100413,2026-02-17,Lucknow,R-18,DRV-018,Truck,3.6,10,High,Cloudy,76.2,107.8,10.8,0.68,64.6,56,47,47,0,Partial,31.6,100.0,2.0
ORD-100414,2026-01-27,Delhi,R-12,DRV-018,Bike,36.8,8,Low,Rain,119.1,132.9,16.6,0.79,75.05,20,19,15,4,Completed,13.8,78.95,16.61
ORD-100415,2026-06-03,Jaipur,R-01,DRV-010,Truck,55.5,6,Medium,Cloudy,137.1,147.7,24.6,9.73,924.35,35,32,29,3,Completed,10.6,90.62,22.55
ORD-100416,2026-01-22,Ghaziabad,R-13,DRV-006,Van,28.8,10,Low,Cloudy,119.4,129.7,13.0,2.36,224.2,23,22,20,2,Completed,10.3,90.91,13.32
ORD-100417,2026-03-19,Faridabad,R-05,DRV-003,Truck,65.3,5,Low,Cloudy,146.9,160.3,32.1,11.69,1110.55,24,22,20,2,Completed,13.4,90.91,24.44
ORD-100418,2026-03-12,Lucknow,R-16,DRV-026,Mini Truck,39.9,8,Low,Cloudy,124.4,144.3,18.0,4.78,454.1,31,28,23,5,Completed,19.9,82.14,16.59
ORD-100419,2026-03-06,Ghaziabad,R-20,DRV-020,Truck,59.2,10,Low,Cloudy,171.5,197.5,19.8,10.24,972.8,23,20,17,3,Partial,26.0,85.0,17.98
ORD-100420,2026-01-28,Noida,R-01,DRV-013,Mini Truck,59.9,6,Medium,Rain,144.7,195.9,32.6,6.55,622.25,27,24,21,3,Partial,51.2,87.5,18.35
ORD-100421,2026-04-08,Jaipur,R-11,DRV-014,Truck,3.0,7,High,Rain,54.1,71.1,10.2,0.6,57.0,31,29,29,0,Completed,17.0,100.0,2.53
ORD-100422,2026-02-04,Faridabad,R-20,DRV-023,Mini Truck,24.9,13,Low,Cloudy,133.7,148.0,11.4,2.71,257.45,34,30,25,5,Partial,14.3,83.33,10.09
ORD-100423,2026-03-22,Noida,R-11,DRV-010,Truck,31.0,6,High,Rain,95.1,131.6,21.9,6.19,588.05,22,20,17,3,Completed,36.5,85.0,14.13
ORD-100424,2026-06-12,Chandigarh,R-11,DRV-013,Van,9.2,8,Medium,Cloudy,71.8,72.0,9.0,0.65,61.75,14,14,13,1,Completed,0.2,92.86,7.67
ORD-100425,2026-04-04,Gurugram,R-19,DRV-018,Van,43.9,11,Low,Rain,152.3,159.0,14.5,3.27,310.65,26,24,23,1,Completed,6.7,95.83,16.57
ORD-100426,2026-05-21,Delhi,R-07,DRV-015,Truck,55.2,8,Medium,Rain,150.6,168.3,21.0,9.27,880.65,24,22,18,4,Completed,17.7,81.82,19.68
ORD-100427,2026-01-18,Lucknow,R-05,DRV-021,Truck,85.4,12,Medium,Clear,230.4,277.7,23.1,15.62,1483.9,23,20,18,2,Partial,47.3,90.0,18.45
ORD-100428,2026-03-06,Noida,R-13,DRV-003,Truck,46.6,4,Medium,Rain,107.9,142.7,35.7,8.37,795.15,9,8,7,1,Partial,34.8,87.5,19.59
ORD-100429,2026-05-03,Lucknow,R-18,DRV-002,Truck,76.0,9,Medium,Rain,193.3,222.4,24.7,14.36,1364.2,12,11,9,2,Completed,29.1,81.82,20.5
ORD-100430,2026-05-18,Gurugram,R-08,DRV-022,Bike,40.3,11,High,Cloudy,146.1,182.2,16.6,0.8,76.0,20,19,15,4,Completed,36.1,78.95,13.27
ORD-100431,2026-02-12,Delhi,R-11,DRV-026,Truck,3.0,6,Medium,Clear,47.1,56.6,9.4,0.6,57.0,21,19,18,1,Completed,9.5,94.74,3.18
ORD-100432,2026-01-03,Gurugram,R-08,DRV-017,Mini Truck,8.3,6,High,Rain,56.2,86.3,14.4,0.96,91.2,20,18,13,5,Completed,30.1,72.22,5.77
ORD-100433,2026-05-23,Ghaziabad,R-12,DRV-013,Truck,30.2,9,Medium,Rain,114.8,136.2,15.1,5.52,524.4,28,25,23,2,Partial,21.4,92.0,13.3
ORD-100434,2026-05-31,Noida,R-01,DRV-016,Mini Truck,24.7,7,Low,Cloudy,91.3,98.6,14.1,2.78,264.1,20,18,17,1,Completed,7.3,94.44,15.03
ORD-100435,2026-04-17,Gurugram,R-05,DRV-012,Bike,5.1,11,Medium,Cloudy,85.7,98.8,9.0,0.12,11.4,34,30,26,4,Partial,13.1,86.67,3.1
ORD-100436,2026-04-27,Ghaziabad,R-12,DRV-016,Truck,36.8,5,Low,Cloudy,98.1,115.1,23.0,6.23,591.85,20,18,15,3,Completed,17.0,83.33,19.18
ORD-100437,2026-06-28,Chandigarh,R-03,DRV-010,Mini Truck,34.9,8,Low,Rain,115.8,126.2,15.8,3.85,365.75,20,17,15,2,Partial,10.4,88.24,16.59
ORD-100438,2026-01-30,Delhi,R-04,DRV-022,Mini Truck,73.6,8,Low,Rain,182.2,207.7,26.0,8.63,819.85,14,14,12,2,Completed,25.5,85.71,21.26
ORD-100439,2026-03-04,Noida,R-11,DRV-018,Van,71.4,5,Medium,Cloudy,157.4,213.6,42.7,5.42,514.9,29,27,24,3,Completed,56.2,88.89,20.06
ORD-100440,2026-03-01,Lucknow,R-06,DRV-021,Van,63.6,8,High,Cloudy,165.0,193.3,24.2,4.14,393.3,23,21,19,2,Completed,28.3,90.48,19.74
ORD-100441,2026-04-12,Delhi,R-15,DRV-019,Van,63.9,2,Medium,Cloudy,123.5,148.0,74.0,3.9,370.5,31,29,27,2,Completed,24.5,93.1,25.91
ORD-100442,2026-01-02,Ghaziabad,R-09,DRV-025,Van,26.5,11,High,Clear,122.4,179.0,16.3,1.98,188.1,23,22,19,3,Completed,56.6,86.36,8.88
ORD-100443,2026-05-28,Gurugram,R-12,DRV-011,Van,57.4,12,Low,Cloudy,182.4,204.0,17.0,3.86,366.7,27,23,21,2,Partial,21.6,91.3,16.88
ORD-100444,2026-01-30,Faridabad,R-17,DRV-021,Truck,50.1,2,Medium,Rain,99.9,116.7,58.4,8.9,845.5,22,19,17,2,Partial,16.8,89.47,25.76
ORD-100445,2026-04-10,Lucknow,R-12,DRV-012,Bike,46.5,7,Medium,Rain,128.7,155.7,22.2,1.12,106.4,38,34,29,5,Partial,27.0,85.29,17.92
ORD-100446,2026-02-14,Faridabad,R-05,DRV-011,Bike,50.8,6,Low,Clear,129.1,127.7,21.3,1.2,114.0,9,8,7,1,Partial,-1.4,87.5,23.87
ORD-100447,2026-03-20,Gurugram,R-12,DRV-023,Van,34.6,7,Low,Rain,108.3,120.9,17.3,2.13,202.35,36,33,30,3,Completed,12.6,90.91,17.17
ORD-100448,2026-04-10,Lucknow,R-19,DRV-013,Van,59.1,4,Medium,Clear,129.3,154.3,38.6,4.13,392.35,31,26,23,3,Partial,25.0,88.46,22.98
ORD-100449,2026-05-05,Noida,R-16,DRV-010,Van,31.1,9,Low,Clear,116.3,120.7,13.4,2.1,199.5,19,17,14,3,Partial,4.4,82.35,15.46
ORD-100450,2026-03-22,Chandigarh,R-12,DRV-001,Bike,57.2,6,Medium,Clear,140.1,123.6,20.6,1.23,116.85,16,13,10,3,Partial,-16.5,76.92,27.77
ORD-100451,2026-02-19,Lucknow,R-14,DRV-022,Truck,44.0,11,Medium,Cloudy,152.4,185.0,16.8,7.61,722.95,28,25,21,4,Partial,32.6,84.0,14.27
ORD-100452,2026-04-24,Chandigarh,R-03,DRV-019,Van,21.2,2,Low,Clear,50.3,48.7,24.4,1.53,145.35,24,22,18,4,Completed,-1.6,81.82,26.12
ORD-100453,2026-03-16,Delhi,R-08,DRV-018,Mini Truck,52.9,4,Medium,Clear,118.7,145.0,36.2,5.41,513.95,18,15,13,2,Partial,26.3,86.67,21.89
ORD-100454,2026-04-28,Chandigarh,R-19,DRV-004,Bike,59.6,9,Medium,Rain,165.2,229.4,25.5,1.38,131.1,16,14,12,2,Partial,64.2,85.71,15.59
ORD-100455,2026-04-04,Delhi,R-18,DRV-007,Truck,66.0,4,Medium,Clear,141.1,173.9,43.5,12.86,1221.7,39,36,34,2,Completed,32.8,94.44,22.77
ORD-100456,2026-06-17,Ghaziabad,R-02,DRV-015,Mini Truck,83.1,6,Medium,Cloudy,184.5,191.7,31.9,7.84,744.8,30,25,22,3,Partial,7.2,88.0,26.01
ORD-100457,2026-01-23,Chandigarh,R-08,DRV-007,Bike,49.9,8,High,Rain,141.5,221.2,27.6,1.13,107.35,35,31,26,5,Partial,79.7,83.87,13.54
ORD-100458,2026-06-26,Jaipur,R-06,DRV-020,Truck,28.1,10,Low,Clear,118.2,126.7,12.7,5.29,502.55,34,30,30,0,Partial,8.5,100.0,13.31
ORD-100459,2026-02-22,Delhi,R-18,DRV-009,Mini Truck,69.4,10,High,Rain,189.0,326.5,32.6,6.69,635.55,20,18,17,1,Completed,137.5,94.44,12.75
ORD-100460,2026-02-13,Jaipur,R-10,DRV-019,Mini Truck,23.1,10,Medium,Rain,109.6,156.6,15.7,2.71,257.45,27,24,20,4,Partial,47.0,83.33,8.85
ORD-100461,2026-06-23,Gurugram,R-14,DRV-030,Van,64.5,10,Low,Cloudy,180.6,185.4,18.5,4.45,422.75,8,7,7,0,Partial,4.8,100.0,20.87
ORD-100462,2026-06-17,Noida,R-08,DRV-005,Van,19.0,8,High,Cloudy,88.6,133.1,16.6,1.22,115.9,26,25,22,3,Completed,44.5,88.0,8.56
ORD-100463,2026-03-05,Lucknow,R-05,DRV-019,Truck,93.6,2,High,Cloudy,174.5,263.2,131.6,16.78,1594.1,31,29,25,4,Completed,88.7,86.21,21.34
ORD-100464,2026-06-10,Lucknow,R-15,DRV-003,Truck,46.1,2,High,Clear,93.0,131.6,65.8,8.58,815.1,30,29,27,2,Completed,38.6,93.1,21.02
ORD-100465,2026-04-14,Faridabad,R-15,DRV-016,Mini Truck,44.7,5,Medium,Rain,111.6,135.6,27.1,5.44,516.8,36,33,30,3,Completed,24.0,90.91,19.78
ORD-100466,2026-01-01,Gurugram,R-12,DRV-028,Truck,25.7,11,Low,Rain,121.1,142.9,13.0,5.4,513.0,17,15,13,2,Partial,21.8,86.67,10.79
ORD-100467,2026-04-12,Ghaziabad,R-07,DRV-016,Truck,53.6,7,Medium,Cloudy,140.9,155.2,22.2,10.43,990.85,30,27,26,1,Completed,14.3,96.3,20.72
ORD-100468,2026-03-14,Jaipur,R-19,DRV-028,Van,63.1,8,Medium,Cloudy,164.2,195.7,24.5,4.71,447.45,18,16,12,4,Partial,31.5,75.0,19.35
ORD-100469,2026-06-24,Delhi,R-04,DRV-021,Bike,57.8,3,Medium,Clear,120.1,154.7,51.6,1.25,118.75,23,21,18,3,Completed,34.6,85.71,22.42
ORD-100470,2026-02-01,Noida,R-15,DRV-001,Truck,67.5,1,Medium,Clear,122.7,155.5,155.5,12.6,1197.0,15,13,13,0,Partial,32.8,100.0,26.05
ORD-100471,2026-06-26,Noida,R-06,DRV-028,Mini Truck,25.0,4,Medium,Clear,70.9,89.0,22.2,2.85,270.75,17,16,13,3,Completed,18.1,81.25,16.85
ORD-100472,2026-06-17,Jaipur,R-03,DRV-012,Mini Truck,61.8,11,High,Rain,182.9,288.3,26.2,7.07,671.65,39,36,30,6,Completed,105.4,83.33,12.86
ORD-100473,2026-02-12,Delhi,R-10,DRV-024,Truck,50.1,14,High,Clear,183.9,228.1,16.3,8.85,840.75,28,26,22,4,Completed,44.2,84.62,13.18
ORD-100474,2026-04-20,Gurugram,R-01,DRV-007,Bike,62.2,14,Medium,Clear,204.6,239.0,17.1,1.28,121.6,12,11,10,1,Completed,34.4,90.91,15.62
ORD-100475,2026-02-03,Ghaziabad,R-01,DRV-001,Truck,50.6,7,High,Cloudy,135.7,179.8,25.7,8.4,798.0,31,30,24,6,Completed,44.1,80.0,16.89
ORD-100476,2026-01-31,Lucknow,R-16,DRV-003,Van,70.6,9,Low,Cloudy,184.0,210.7,23.4,4.5,427.5,14,13,12,1,Completed,26.7,92.31,20.1
ORD-100477,2026-01-23,Gurugram,R-11,DRV-012,Bike,74.3,10,Medium,Clear,197.4,222.6,22.3,1.52,144.4,34,30,30,0,Partial,25.2,100.0,20.03
ORD-100478,2026-04-08,Noida,R-03,DRV-017,Van,36.9,12,High,Clear,147.3,209.7,17.5,2.61,247.95,20,18,16,2,Completed,62.4,88.89,10.56
ORD-100479,2026-06-06,Noida,R-12,DRV-024,Truck,43.4,6,Low,Rain,116.4,128.6,21.4,7.94,754.3,7,6,5,1,Partial,12.2,83.33,20.25
ORD-100480,2026-02-08,Lucknow,R-07,DRV-003,Truck,21.2,2,Low,Clear,50.3,43.1,21.6,3.44,326.8,19,19,16,3,Completed,-7.2,84.21,29.51
ORD-100481,2026-02-01,Lucknow,R-14,DRV-011,Mini Truck,45.2,9,Low,Clear,140.5,142.0,15.8,4.99,474.05,15,14,14,0,Completed,1.5,100.0,19.1
ORD-100482,2026-03-12,Gurugram,R-18,DRV-020,Van,11.7,4,High,Rain,48.1,71.1,17.8,0.77,73.15,29,26,26,0,Partial,23.0,100.0,9.87
ORD-100483,2026-06-05,Faridabad,R-10,DRV-007,Bike,63.4,8,High,Rain,164.7,269.5,33.7,1.53,145.35,20,18,16,2,Completed,104.8,88.89,14.12
ORD-100484,2026-05-11,Ghaziabad,R-10,DRV-021,Truck,57.5,8,Low,Clear,154.6,135.1,16.9,9.78,929.1,24,22,22,0,Completed,-19.5,100.0,25.54
ORD-100485,2026-05-07,Lucknow,R-08,DRV-016,Bike,17.1,9,High,Rain,92.3,156.2,17.4,0.45,42.75,21,20,18,2,Completed,63.9,90.0,6.57
ORD-100486,2026-01-19,Delhi,R-11,DRV-005,Mini Truck,45.5,7,Medium,Rain,127.0,169.3,24.2,4.03,382.85,30,28,25,3,Completed,42.3,89.29,16.13
ORD-100487,2026-04-18,Jaipur,R-16,DRV-025,Van,78.8,5,Low,Clear,170.1,164.6,32.9,6.53,620.35,18,16,14,2,Partial,-5.5,87.5,28.72
ORD-100488,2026-05-31,Gurugram,R-09,DRV-007,Bike,57.1,8,Low,Clear,153.9,138.0,17.2,1.21,114.95,20,18,16,2,Completed,-15.9,88.89,24.83
ORD-100489,2026-04-12,Faridabad,R-14,DRV-023,Truck,49.5,2,Medium,Clear,98.9,123.4,61.7,9.18,872.1,36,34,33,1,Completed,24.5,97.06,24.07
ORD-100490,2026-06-13,Noida,R-03,DRV-010,Mini Truck,50.4,12,Low,Rain,170.4,198.8,16.6,5.56,528.2,43,41,38,3,Completed,28.4,92.68,15.21
ORD-100491,2026-02-22,Noida,R-13,DRV-019,Mini Truck,19.0,4,High,Rain,60.6,93.8,23.4,2.14,203.3,20,18,18,0,Completed,33.2,100.0,12.15
ORD-100492,2026-06-24,Gurugram,R-14,DRV-024,Mini Truck,54.5,4,Low,Clear,121.4,120.3,30.1,5.67,538.65,21,19,16,3,Completed,-1.1,84.21,27.18
ORD-100493,2026-03-04,Gurugram,R-04,DRV-015,Truck,19.4,7,High,Rain,82.3,118.9,17.0,2.7,256.5,41,40,35,5,Completed,36.6,87.5,9.79
ORD-100494,2026-01-15,Faridabad,R-04,DRV-001,Van,42.3,4,High,Clear,100.5,154.1,38.5,3.48,330.6,26,25,23,2,Completed,53.6,92.0,16.47
ORD-100495,2026-06-29,Delhi,R-16,DRV-012,Van,17.9,6,High,Rain,72.7,111.1,18.5,1.23,116.85,23,21,19,2,Completed,38.4,90.48,9.67
ORD-100496,2026-03-08,Noida,R-05,DRV-024,Mini Truck,42.9,4,Medium,Rain,101.5,123.2,30.8,4.28,406.6,32,27,26,1,Partial,21.7,96.3,20.89
ORD-100497,2026-01-31,Delhi,R-14,DRV-009,Mini Truck,67.0,7,High,Clear,163.9,175.2,25.0,7.23,686.85,24,21,18,3,Partial,11.3,85.71,22.95
ORD-100498,2026-03-09,Gurugram,R-15,DRV-017,Truck,69.5,9,Medium,Clear,182.1,193.9,21.5,11.02,1046.9,22,20,18,2,Completed,11.8,90.0,21.51
ORD-100499,2026-05-08,Noida,R-06,DRV-009,Mini Truck,32.4,9,Low,Rain,118.5,153.3,17.0,3.83,363.85,24,22,19,3,Completed,34.8,86.36,12.68
ORD-100500,2026-06-22,Gurugram,R-17,DRV-001,Van,63.3,6,Low,Clear,150.5,151.0,25.2,4.54,431.3,20,17,15,2,Partial,0.5,88.24,25.15
ORD-100501,2026-03-04,Delhi,R-12,DRV-013,Truck,40.9,9,Low,Clear,133.1,127.4,14.2,8.16,775.2,17,17,13,4,Completed,-5.7,76.47,19.26
ORD-100502,2026-01-10,Lucknow,R-11,DRV-008,Van,49.8,9,Medium,Rain,148.4,179.0,19.9,3.68,349.6,35,29,27,2,Partial,30.6,93.1,16.69
ORD-100503,2026-03-23,Faridabad,R-19,DRV-012,Bike,3.0,5,Low,Rain,40.1,50.8,10.2,0.06,5.7,15,13,13,0,Partial,10.7,100.0,3.54
ORD-100504,2026-06-22,Delhi,R-08,DRV-026,Van,9.0,4,High,Clear,43.4,65.6,16.4,0.74,70.3,24,21,21,0,Partial,22.2,100.0,8.23
ORD-100505,2026-04-13,Gurugram,R-10,DRV-025,Truck,70.7,10,Medium,Cloudy,191.2,211.8,21.2,12.8,1216.0,23,21,20,1,Completed,20.6,95.24,20.03
ORD-100506,2026-01-23,Chandigarh,R-12,DRV-007,Bike,57.8,4,Medium,Rain,127.1,181.7,45.4,1.32,125.4,30,29,24,5,Completed,54.6,82.76,19.09
ORD-100507,2026-03-19,Ghaziabad,R-12,DRV-019,Truck,41.4,6,Medium,Clear,113.0,113.7,18.9,7.74,735.3,45,38,34,4,Partial,0.7,89.47,21.85
ORD-100508,2026-05-20,Ghaziabad,R-01,DRV-030,Van,53.5,8,Medium,Clear,147.7,168.3,21.0,3.42,324.9,26,23,17,6,Partial,20.6,73.91,19.07
ORD-100509,2026-03-01,Jaipur,R-11,DRV-001,Bike,63.5,10,High,Cloudy,178.9,249.8,25.0,1.44,136.8,33,31,29,2,Completed,70.9,93.55,15.25
ORD-100510,2026-03-20,Gurugram,R-17,DRV-008,Van,36.6,11,Medium,Cloudy,139.7,169.7,15.4,2.65,251.75,14,13,11,2,Completed,30.0,84.62,12.94
ORD-100511,2026-01-16,Noida,R-03,DRV-002,Mini Truck,30.5,5,Low,Rain,87.3,89.4,17.9,3.96,376.2,35,35,29,6,Completed,2.1,82.86,20.47
ORD-100512,2026-04-16,Jaipur,R-03,DRV-019,Truck,43.3,4,Low,Rain,102.2,108.1,27.0,7.29,692.55,34,31,30,1,Completed,5.9,96.77,24.03
ORD-100513,2026-02-04,Lucknow,R-19,DRV-019,Bike,52.9,14,Low,Cloudy,188.7,171.4,12.2,1.29,122.55,34,30,29,1,Partial,-17.3,96.67,18.52
ORD-100514,2026-06-19,Noida,R-10,DRV-009,Van,48.1,7,Medium,Cloudy,131.5,145.5,20.8,3.24,307.8,41,38,36,2,Completed,14.0,94.74,19.84
ORD-100515,2026-06-29,Jaipur,R-15,DRV-009,Mini Truck,27.8,5,Low,Clear,82.7,89.9,18.0,2.76,262.2,21,19,17,2,Completed,7.2,89.47,18.55
ORD-100516,2026-02-21,Noida,R-05,DRV-004,Bike,38.8,9,Low,Cloudy,129.5,140.8,15.6,0.91,86.45,17,15,14,1,Partial,11.3,93.33,16.53
ORD-100517,2026-04-30,Jaipur,R-04,DRV-018,Truck,58.1,3,Medium,Clear,120.6,142.6,47.5,8.89,844.55,25,25,21,4,Completed,22.0,84.0,24.45
ORD-100518,2026-04-26,Faridabad,R-09,DRV-028,Truck,27.0,10,Low,Clear,116.3,101.9,10.2,4.66,442.7,29,26,23,3,Partial,-14.4,88.46,15.9
ORD-100519,2026-02-10,Faridabad,R-07,DRV-027,Bike,55.4,9,Medium,Clear,158.0,185.6,20.6,1.2,114.0,27,25,23,2,Completed,27.6,92.0,17.91
ORD-100520,2026-01-24,Ghaziabad,R-13,DRV-017,Mini Truck,33.1,7,Low,Rain,105.7,109.0,15.6,3.67,348.65,18,16,14,2,Partial,3.3,87.5,18.22
ORD-100521,2026-03-18,Faridabad,R-01,DRV-013,Van,45.8,10,Medium,Rain,148.5,184.7,18.5,3.38,321.1,29,27,23,4,Completed,36.2,85.19,14.88
ORD-100522,2026-05-21,Ghaziabad,R-15,DRV-004,Bike,44.7,9,Low,Clear,139.6,139.7,15.5,0.83,78.85,26,26,23,3,Completed,0.1,88.46,19.2
ORD-100523,2026-01-04,Delhi,R-05,DRV-007,Van,28.9,9,Medium,Cloudy,112.5,136.6,15.2,2.26,214.7,14,13,12,1,Completed,24.1,92.31,12.69
ORD-100524,2026-06-25,Gurugram,R-03,DRV-001,Mini Truck,39.4,9,Low,Clear,130.5,141.2,15.7,4.68,444.6,15,14,12,2,Completed,10.7,85.71,16.74
ORD-100525,2026-06-15,Chandigarh,R-03,DRV-029,Van,43.3,8,Medium,Clear,130.2,147.9,18.5,3.39,322.05,24,21,18,3,Partial,17.7,85.71,17.57
ORD-100526,2026-01-11,Chandigarh,R-06,DRV-030,Bike,45.2,11,High,Cloudy,154.5,225.2,20.5,0.94,89.3,44,41,40,1,Completed,70.7,97.56,12.04
ORD-100527,2026-04-12,Chandigarh,R-13,DRV-022,Bike,39.3,9,Medium,Clear,130.4,160.0,17.8,0.96,91.2,33,32,28,4,Completed,29.6,87.5,14.74
ORD-100528,2026-04-01,Ghaziabad,R-09,DRV-009,Van,31.7,8,Medium,Clear,110.3,136.3,17.0,2.22,210.9,33,32,27,5,Completed,26.0,84.38,13.95
ORD-100529,2026-01-09,Ghaziabad,R-16,DRV-014,Mini Truck,26.9,7,High,Cloudy,95.1,135.5,19.4,2.86,271.7,35,33,30,3,Completed,40.4,90.91,11.91
ORD-100530,2026-01-16,Gurugram,R-13,DRV-005,Mini Truck,16.2,4,Medium,Clear,55.8,65.6,16.4,1.49,141.55,33,30,30,0,Completed,9.8,100.0,14.82
ORD-100531,2026-06-14,Ghaziabad,R-13,DRV-026,Bike,83.5,7,High,Cloudy,192.1,264.8,37.8,2.0,190.0,38,33,26,7,Partial,72.7,78.79,18.92
ORD-100532,2026-05-03,Chandigarh,R-19,DRV-017,Mini Truck,30.8,9,Medium,Cloudy,115.8,142.6,15.8,3.72,353.4,15,12,11,1,Partial,26.8,91.67,12.96
ORD-100533,2026-03-11,Noida,R-11,DRV-020,Bike,27.1,1,Low,Clear,53.5,54.1,54.1,0.64,60.8,24,22,19,3,Completed,0.6,86.36,30.06
ORD-100534,2026-03-13,Delhi,R-17,DRV-012,Truck,35.3,3,High,Clear,81.5,103.7,34.6,6.69,635.55,27,25,21,4,Completed,22.2,84.0,20.42
ORD-100535,2026-02-10,Gurugram,R-08,DRV-009,Van,38.7,1,High,Rain,73.3,112.4,112.4,3.08,292.6,13,11,10,1,Partial,39.1,90.91,20.66
ORD-100536,2026-01-15,Ghaziabad,R-12,DRV-030,Truck,64.6,6,Low,Clear,152.7,144.2,24.0,9.9,940.5,25,25,23,2,Completed,-8.5,92.0,26.88
ORD-100537,2026-03-02,Jaipur,R-19,DRV-001,Mini Truck,41.6,8,High,Rain,127.3,192.3,24.0,4.32,410.4,31,29,26,3,Completed,65.0,89.66,12.98
ORD-100538,2026-04-01,Noida,R-16,DRV-018,Van,24.4,11,Medium,Clear,118.8,143.9,13.1,1.67,158.65,33,30,25,5,Completed,25.1,83.33,10.17
ORD-100539,2026-05-06,Delhi,R-02,DRV-008,Bike,28.3,2,High,Clear,62.5,87.6,43.8,0.54,51.3,15,12,10,2,Partial,25.1,83.33,19.38
ORD-100540,2026-01-06,Chandigarh,R-11,DRV-030,Bike,39.3,7,High,Clear,116.4,144.0,20.6,0.79,75.05,28,25,23,2,Partial,27.6,92.0,16.38
ORD-100541,2026-02-03,Jaipur,R-11,DRV-002,Van,26.1,8,Low,Clear,100.7,111.2,13.9,1.95,185.25,21,19,17,2,Completed,10.5,89.47,14.08
ORD-100542,2026-05-31,Noida,R-17,DRV-028,Bike,42.1,7,Medium,Clear,121.2,137.5,19.6,0.95,90.25,17,15,12,3,Partial,16.3,80.0,18.37
ORD-100543,2026-04-06,Lucknow,R-11,DRV-010,Bike,13.2,4,Medium,Clear,50.6,58.9,14.7,0.27,25.65,29,27,21,6,Completed,8.3,77.78,13.45
ORD-100544,2026-02-10,Lucknow,R-11,DRV-006,Truck,53.8,10,High,Rain,162.2,225.7,22.6,10.11,960.45,18,16,13,3,Partial,63.5,81.25,14.3
ORD-100545,2026-06-27,Jaipur,R-19,DRV-027,Van,9.7,6,Low,Cloudy,58.6,59.8,10.0,0.67,63.65,15,13,12,1,Partial,1.2,92.31,9.73
ORD-100546,2026-03-20,Faridabad,R-06,DRV-024,Van,41.2,8,Low,Rain,126.6,134.2,16.8,3.22,305.9,15,14,13,1,Completed,7.6,92.86,18.42
ORD-100547,2026-05-27,Lucknow,R-06,DRV-020,Bike,50.7,7,Medium,Rain,135.9,167.6,23.9,1.22,115.9,13,11,9,2,Partial,31.7,81.82,18.15
ORD-100548,2026-02-26,Gurugram,R-05,DRV-011,Truck,64.3,9,High,Clear,173.2,215.7,24.0,11.4,1083.0,20,18,17,1,Completed,42.5,94.44,17.89
ORD-100549,2026-03-02,Jaipur,R-06,DRV-021,Mini Truck,17.3,12,Low,Rain,113.7,135.8,11.3,2.09,198.55,21,19,15,4,Completed,22.1,78.95,7.64
ORD-100550,2026-06-21,Jaipur,R-01,DRV-009,Truck,32.6,9,Low,Clear,118.9,131.2,14.6,5.4,513.0,22,20,16,4,Completed,12.3,80.0,14.91
ORD-100551,2026-06-27,Gurugram,R-09,DRV-026,Mini Truck,52.6,5,Low,Rain,125.2,138.0,27.6,5.63,534.85,18,16,14,2,Partial,12.8,87.5,22.87
ORD-100552,2026-01-01,Delhi,R-15,DRV-024,Truck,35.3,5,Medium,Clear,95.5,112.6,22.5,7.27,690.65,26,25,20,5,Completed,17.1,80.0,18.81
ORD-100553,2026-04-16,Chandigarh,R-12,DRV-018,Truck,44.8,4,Medium,Clear,104.8,106.3,26.6,7.66,727.7,34,33,30,3,Completed,1.5,90.91,25.29
ORD-100554,2026-05-03,Ghaziabad,R-15,DRV-003,Van,14.4,7,Low,Cloudy,73.7,77.7,11.1,1.04,98.8,10,9,8,1,Completed,4.0,88.89,11.12
ORD-100555,2026-01-06,Jaipur,R-04,DRV-003,Mini Truck,51.7,1,Medium,Clear,95.6,108.5,108.5,5.81,551.95,31,29,27,2,Completed,12.9,93.1,28.59
ORD-100556,2026-04-07,Noida,R-18,DRV-029,Bike,27.6,2,Low,Cloudy,61.3,61.2,30.6,0.66,62.7,36,34,31,3,Completed,-0.1,91.18,27.06
ORD-100557,2026-06-02,Chandigarh,R-14,DRV-021,Bike,48.8,6,Low,Rain,125.7,139.3,23.2,1.23,116.85,17,17,15,2,Completed,13.6,88.24,21.02
ORD-100558,2026-04-22,Noida,R-04,DRV-011,Bike,65.9,3,Low,Clear,134.0,140.3,46.8,1.38,131.1,13,12,11,1,Completed,6.3,91.67,28.18
ORD-100559,2026-04-15,Faridabad,R-10,DRV-008,Mini Truck,26.8,3,Low,Clear,66.9,66.4,22.1,2.96,281.2,29,28,25,3,Completed,-0.5,89.29,24.22
ORD-100560,2026-04-11,Chandigarh,R-02,DRV-012,Van,75.4,8,Low,Cloudy,185.3,185.6,23.2,4.69,445.55,22,20,19,1,Completed,0.3,95.0,24.38
ORD-100561,2026-01-23,Faridabad,R-07,DRV-004,Truck,50.3,4,Low,Clear,114.2,115.8,28.9,9.64,915.8,37,36,34,2,Completed,1.6,94.44,26.06
ORD-100562,2026-02-13,Faridabad,R-16,DRV-028,Bike,43.1,9,Low,Cloudy,136.9,155.1,17.2,0.86,81.7,22,20,18,2,Completed,18.2,90.0,16.67
ORD-100563,2026-04-12,Chandigarh,R-09,DRV-003,Truck,64.1,6,High,Rain,151.9,185.8,31.0,11.27,1070.65,32,30,28,2,Completed,33.9,93.33,20.7
ORD-100564,2026-04-10,Noida,R-13,DRV-012,Mini Truck,37.0,4,Low,Cloudy,91.4,98.0,24.5,3.84,364.8,42,40,35,5,Completed,6.6,87.5,22.65
ORD-100565,2026-01-12,Faridabad,R-15,DRV-009,Truck,31.0,7,Low,Cloudy,102.1,103.1,14.7,6.14,583.3,26,23,23,0,Partial,1.0,100.0,18.04
ORD-100566,2026-05-25,Delhi,R-04,DRV-003,Van,42.9,10,High,Cloudy,143.5,189.8,19.0,3.15,299.25,27,23,23,0,Partial,46.3,100.0,13.56
ORD-100567,2026-05-19,Lucknow,R-18,DRV-002,Van,65.2,6,Medium,Rain,153.8,180.6,30.1,4.79,455.05,25,23,21,2,Completed,26.8,91.3,21.66
ORD-100568,2026-04-18,Chandigarh,R-16,DRV-010,Van,51.1,12,Low,Cloudy,171.6,184.8,15.4,3.34,317.3,35,35,35,0,Completed,13.2,100.0,16.59
ORD-100569,2026-01-09,Noida,R-15,DRV-006,Bike,21.8,8,Low,Clear,93.4,77.8,9.7,0.51,48.45,20,20,17,3,Completed,-15.6,85.0,16.81
ORD-100570,2026-02-19,Noida,R-14,DRV-003,Bike,11.6,6,High,Cloudy,61.9,72.5,12.1,0.27,25.65,8,7,5,2,Partial,10.6,71.43,9.6
ORD-100571,2026-02-21,Noida,R-11,DRV-030,Mini Truck,36.2,12,High,Clear,146.1,202.9,16.9,3.74,355.3,24,22,20,2,Completed,56.8,90.91,10.7
ORD-100572,2026-01-23,Lucknow,R-18,DRV-011,Truck,17.4,9,Medium,Rain,92.8,93.7,10.4,3.0,285.0,21,20,18,2,Completed,0.9,90.0,11.14
ORD-100573,2026-04-28,Delhi,R-04,DRV-014,Truck,16.7,5,Low,Clear,63.6,64.6,12.9,3.02,286.9,20,18,17,1,Completed,1.0,94.44,15.51
ORD-100574,2026-05-26,Gurugram,R-19,DRV-025,Bike,32.7,7,Low,Cloudy,105.1,127.0,18.1,0.64,60.8,10,9,7,2,Completed,21.9,77.78,15.45
ORD-100575,2026-05-18,Jaipur,R-09,DRV-013,Truck,36.3,5,High,Cloudy,97.2,132.3,26.5,7.44,706.8,31,30,24,6,Completed,35.1,80.0,16.46
ORD-100576,2026-05-27,Chandigarh,R-06,DRV-009,Bike,21.3,1,Medium,Clear,43.5,46.8,46.8,0.51,48.45,29,27,24,3,Completed,3.3,88.89,27.31
ORD-100577,2026-06-08,Lucknow,R-13,DRV-029,Bike,29.6,8,Medium,Rain,106.7,145.8,18.2,0.57,54.15,27,26,23,3,Completed,39.1,88.46,12.18
ORD-100578,2026-03-02,Delhi,R-09,DRV-029,Truck,54.6,16,Medium,Clear,205.6,234.5,14.7,10.24,972.8,19,17,15,2,Partial,28.9,88.24,13.97
ORD-100579,2026-03-28,Faridabad,R-09,DRV-027,Mini Truck,45.5,4,Medium,Rain,106.0,138.8,34.7,5.65,536.75,28,27,24,3,Completed,32.8,88.89,19.67
ORD-100580,2026-06-25,Gurugram,R-05,DRV-010,Van,55.5,8,High,Cloudy,151.1,194.1,24.3,4.07,386.65,17,15,13,2,Partial,43.0,86.67,17.16
ORD-100581,2026-03-24,Faridabad,R-20,DRV-021,Truck,47.4,4,Low,Clear,109.3,118.5,29.6,9.01,855.95,19,16,14,2,Partial,9.2,87.5,24.0
ORD-100582,2026-04-24,Ghaziabad,R-16,DRV-025,Truck,34.0,8,High,Cloudy,114.3,154.3,19.3,5.19,493.05,21,19,18,1,Completed,40.0,94.74,13.22
ORD-100583,2026-01-15,Noida,R-10,DRV-023,Bike,29.4,13,High,Cloudy,141.4,166.5,12.8,0.72,68.4,23,22,20,2,Completed,25.1,90.91,10.59
ORD-100584,2026-02-04,Delhi,R-07,DRV-029,Van,62.5,6,Low,Clear,149.1,136.0,22.7,4.97,472.15,24,22,21,1,Completed,-13.1,95.45,27.57
ORD-100585,2026-03-05,Delhi,R-02,DRV-030,Truck,23.4,9,Medium,Rain,103.1,126.5,14.1,4.21,399.95,25,21,18,3,Partial,23.4,85.71,11.1
ORD-100586,2026-02-20,Faridabad,R-15,DRV-017,Mini Truck,66.3,10,Medium,Rain,183.7,235.4,23.5,7.51,713.45,22,21,18,3,Completed,51.7,85.71,16.9
ORD-100587,2026-02-01,Delhi,R-12,DRV-016,Van,46.2,11,High,Cloudy,156.2,203.7,18.5,3.71,352.45,12,12,10,2,Completed,47.5,83.33,13.61
ORD-100588,2026-02-15,Chandigarh,R-12,DRV-006,Mini Truck,37.6,2,Medium,Rain,78.5,97.4,48.7,3.83,363.85,20,18,17,1,Completed,18.9,94.44,23.16
ORD-100589,2026-06-26,Gurugram,R-01,DRV-013,Mini Truck,45.7,8,Low,Clear,134.3,122.5,15.3,4.72,448.4,39,35,35,0,Partial,-11.8,100.0,22.38
ORD-100590,2026-05-27,Ghaziabad,R-08,DRV-022,Van,37.6,8,Low,Cloudy,120.5,134.7,16.8,2.96,281.2,24,22,19,3,Completed,14.2,86.36,16.75
ORD-100591,2026-06-16,Lucknow,R-01,DRV-016,Bike,48.1,10,Low,Rain,152.5,170.9,17.1,1.12,106.4,38,36,33,3,Completed,18.4,91.67,16.89
ORD-100592,2026-02-14,Delhi,R-09,DRV-020,Van,14.7,1,Medium,Rain,32.2,42.8,42.8,1.04,98.8,20,18,16,2,Completed,10.6,88.89,20.61
ORD-100593,2026-06-14,Faridabad,R-13,DRV-028,Truck,62.3,8,Medium,Cloudy,162.8,181.3,22.7,12.22,1160.9,23,22,19,3,Completed,18.5,86.36,20.62
ORD-100594,2026-03-06,Ghaziabad,R-10,DRV-022,Truck,30.3,8,High,Rain,107.9,163.3,20.4,5.72,543.4,22,19,16,3,Partial,55.4,84.21,11.13
ORD-100595,2026-04-12,Gurugram,R-17,DRV-022,Bike,56.3,7,Medium,Rain,145.5,183.7,26.2,1.35,128.25,19,16,14,2,Partial,38.2,87.5,18.39
ORD-100596,2026-06-15,Faridabad,R-04,DRV-016,Mini Truck,33.3,5,Low,Cloudy,92.1,93.5,18.7,3.85,365.75,24,22,22,0,Completed,1.4,100.0,21.37
ORD-100597,2026-03-12,Jaipur,R-09,DRV-021,Mini Truck,35.8,8,High,Rain,117.4,170.3,21.3,3.71,352.45,20,18,16,2,Completed,52.9,88.89,12.61
ORD-100598,2026-03-18,Ghaziabad,R-17,DRV-025,Van,84.3,5,Low,Clear,179.5,173.5,34.7,5.99,569.05,28,26,25,1,Completed,-6.0,96.15,29.15
ORD-100599,2026-06-03,Lucknow,R-05,DRV-024,Mini Truck,3.0,1,Low,Rain,12.1,13.0,13.0,0.36,34.2,12,9,8,1,Partial,0.9,88.89,13.85
ORD-100600,2026-05-08,Faridabad,R-14,DRV-013,Mini Truck,46.4,4,Medium,Rain,107.5,127.5,31.9,4.76,452.2,25,22,20,2,Partial,20.0,90.91,21.84
ORD-100601,2026-01-10,Ghaziabad,R-08,DRV-022,Mini Truck,3.0,5,High,Rain,40.1,55.2,11.0,0.33,31.35,20,19,15,4,Completed,15.1,78.95,3.26
ORD-100602,2026-05-02,Jaipur,R-06,DRV-027,Mini Truck,42.8,9,High,Rain,136.4,236.9,26.3,4.57,434.15,27,23,17,6,Partial,100.5,73.91,10.84
ORD-100603,2026-02-16,Faridabad,R-16,DRV-005,Bike,57.2,7,High,Cloudy,147.1,223.8,32.0,1.13,107.35,29,29,27,2,Completed,76.7,93.1,15.34
ORD-100604,2026-05-24,Noida,R-03,DRV-008,Mini Truck,47.0,8,Medium,Clear,136.6,137.3,17.2,5.79,550.05,20,19,15,4,Completed,0.7,78.95,20.54
ORD-100605,2026-03-20,Lucknow,R-12,DRV-009,Mini Truck,20.8,12,High,Cloudy,119.7,161.8,13.5,2.58,245.1,24,20,19,1,Partial,42.1,95.0,7.71
ORD-100606,2026-04-29,Gurugram,R-02,DRV-028,Truck,31.4,10,High,Rain,123.8,187.6,18.8,5.0,475.0,26,26,24,2,Completed,63.8,92.31,10.04
ORD-100607,2026-05-29,Gurugram,R-07,DRV-017,Truck,41.0,11,Low,Rain,147.3,167.8,15.3,7.58,720.1,16,15,14,1,Completed,20.5,93.33,14.66
ORD-100608,2026-04-08,Faridabad,R-02,DRV-028,Truck,27.0,12,Low,Clear,130.3,129.3,10.8,4.56,433.2,32,29,27,2,Completed,-1.0,93.1,12.53
ORD-100609,2026-02-21,Jaipur,R-19,DRV-029,Truck,36.7,7,Medium,Clear,111.9,133.8,19.1,6.83,648.85,9,8,7,1,Partial,21.9,87.5,16.46
ORD-100610,2026-03-22,Noida,R-16,DRV-011,Bike,39.6,6,High,Clear,109.9,132.2,22.0,0.8,76.0,8,7,6,1,Partial,22.3,85.71,17.97
ORD-100611,2026-03-22,Delhi,R-15,DRV-009,Bike,24.6,7,Low,Clear,91.2,93.9,13.4,0.64,60.8,12,11,10,1,Completed,2.7,90.91,15.72
ORD-100612,2026-05-28,Noida,R-03,DRV-005,Truck,28.0,8,High,Cloudy,104.0,139.3,17.4,5.17,491.15,37,35,32,3,Completed,35.3,91.43,12.06
ORD-100613,2026-06-12,Lucknow,R-14,DRV-016,Truck,34.3,3,Medium,Clear,79.8,90.2,30.1,6.84,649.8,12,10,9,1,Partial,10.4,90.0,22.82
ORD-100614,2026-01-10,Ghaziabad,R-01,DRV-029,Mini Truck,24.3,5,Medium,Rain,76.7,95.4,19.1,2.41,228.95,17,16,13,3,Completed,18.7,81.25,15.28
ORD-100615,2026-02-18,Delhi,R-08,DRV-008,Bike,13.2,6,High,Cloudy,64.6,95.1,15.8,0.29,27.55,21,19,15,4,Completed,30.5,78.95,8.33
ORD-100616,2026-03-21,Noida,R-13,DRV-017,Bike,50.9,9,High,Cloudy,150.3,202.1,22.5,1.22,115.9,15,14,12,2,Completed,51.8,85.71,15.11
ORD-100617,2026-02-12,Gurugram,R-10,DRV-010,Bike,35.9,7,Medium,Rain,110.5,141.1,20.2,0.88,83.6,16,14,13,1,Partial,30.6,92.86,15.27
ORD-100618,2026-05-14,Jaipur,R-05,DRV-011,Truck,31.3,10,Medium,Cloudy,123.7,166.4,16.6,5.51,523.45,30,26,24,2,Partial,42.7,92.31,11.29
ORD-100619,2026-02-18,Noida,R-01,DRV-008,Truck,45.6,9,Low,Rain,141.2,150.0,16.7,7.19,683.05,29,24,21,3,Partial,8.8,87.5,18.24
ORD-100620,2026-02-03,Ghaziabad,R-19,DRV-017,Bike,58.9,8,Low,Clear,157.0,181.5,22.7,1.42,134.9,19,17,15,2,Partial,24.5,88.24,19.47
ORD-100621,2026-04-04,Delhi,R-09,DRV-025,Truck,13.5,5,High,Rain,58.1,83.9,16.8,2.05,194.75,25,23,18,5,Completed,25.8,78.26,9.65
ORD-100622,2026-01-13,Delhi,R-01,DRV-002,Bike,49.3,10,High,Clear,154.5,212.4,21.2,1.07,101.65,29,28,25,3,Completed,57.9,89.29,13.93
ORD-100623,2026-04-17,Chandigarh,R-04,DRV-018,Truck,27.2,8,Medium,Cloudy,102.6,133.2,16.6,4.71,447.45,41,37,33,4,Completed,30.6,89.19,12.25
ORD-100624,2026-06-29,Noida,R-01,DRV-010,Van,29.9,8,Medium,Rain,107.3,118.9,14.9,2.04,193.8,16,15,14,1,Completed,11.6,93.33,15.09
ORD-100625,2026-01-26,Faridabad,R-14,DRV-027,Van,53.6,1,Low,Rain,98.9,128.9,128.9,3.92,372.4,18,17,15,2,Completed,30.0,88.24,24.95
ORD-100626,2026-06-08,Gurugram,R-04,DRV-026,Mini Truck,30.0,8,Low,Cloudy,107.4,105.2,13.2,3.23,306.85,19,16,14,2,Partial,-2.2,87.5,17.11
ORD-100627,2026-02-20,Ghaziabad,R-17,DRV-007,Mini Truck,52.5,9,Medium,Rain,153.0,210.0,23.3,5.98,568.1,20,19,15,4,Completed,57.0,78.95,15.0
ORD-100628,2026-04-15,Faridabad,R-02,DRV-018,Van,25.8,5,Medium,Clear,79.2,98.9,19.8,1.98,188.1,28,27,23,4,Completed,19.7,85.19,15.65
ORD-100629,2026-06-26,Chandigarh,R-08,DRV-001,Mini Truck,48.3,7,Low,Rain,131.8,157.6,22.5,5.32,505.4,21,20,19,1,Completed,25.8,95.0,18.39
ORD-100630,2026-01-23,Gurugram,R-05,DRV-003,Truck,30.0,7,High,Clear,100.4,124.1,17.7,4.36,414.2,26,25,23,2,Completed,23.7,92.0,14.5
ORD-100631,2026-01-26,Faridabad,R-15,DRV-010,Van,6.9,6,Medium,Cloudy,53.8,52.4,8.7,0.55,52.25,16,15,14,1,Completed,-1.4,93.33,7.9
ORD-100632,2026-01-13,Gurugram,R-02,DRV-028,Van,25.8,4,Medium,Cloudy,72.2,87.9,22.0,1.72,163.4,25,23,18,5,Completed,15.7,78.26,17.61
ORD-100633,2026-06-23,Jaipur,R-04,DRV-004,Truck,3.0,8,Low,Clear,61.1,58.4,8.0,0.52,49.4,30,29,25,4,Completed,-2.7,86.21,3.08
ORD-100634,2026-02-05,Noida,R-12,DRV-029,Mini Truck,35.9,9,Medium,Rain,124.5,142.9,15.9,4.06,385.7,29,28,22,6,Completed,18.4,78.57,15.07
ORD-100635,2026-03-10,Gurugram,R-11,DRV-006,Mini Truck,28.3,5,Low,Cloudy,83.5,86.7,17.3,3.27,310.65,36,33,29,4,Completed,3.2,87.88,19.58
ORD-100636,2026-04-13,Chandigarh,R-13,DRV-023,Mini Truck,62.7,8,Medium,Cloudy,163.5,213.3,26.7,7.13,677.35,15,13,10,3,Partial,49.8,76.92,17.64
ORD-100637,2026-06-16,Noida,R-05,DRV-023,Bike,53.9,11,High,Clear,169.4,262.5,23.9,1.28,121.6,34,31,26,5,Completed,93.1,83.87,12.32
ORD-100638,2026-02-10,Gurugram,R-19,DRV-016,Truck,57.3,9,High,Rain,161.2,245.8,27.3,10.74,1020.3,27,26,25,1,Completed,84.6,96.15,13.99
ORD-100639,2026-04-23,Noida,R-12,DRV-020,Truck,51.8,10,Low,Rain,158.8,185.2,18.5,9.07,861.65,31,27,26,1,Partial,26.4,96.3,16.78
ORD-100640,2026-02-03,Chandigarh,R-04,DRV-029,Truck,20.5,8,Medium,Cloudy,91.1,100.6,12.6,3.89,369.55,24,21,19,2,Partial,9.5,90.48,12.23
ORD-100641,2026-01-12,Gurugram,R-11,DRV-001,Mini Truck,31.6,10,High,Rain,124.2,187.8,18.8,3.62,343.9,17,15,13,2,Partial,63.6,86.67,10.1
ORD-100642,2026-05-15,Ghaziabad,R-17,DRV-017,Mini Truck,57.4,13,High,Rain,189.4,267.9,20.6,6.93,658.35,7,6,5,1,Partial,78.5,83.33,12.86
ORD-100643,2026-06-08,Gurugram,R-08,DRV-016,Truck,17.7,3,Medium,Rain,51.3,68.3,22.8,3.16,300.2,28,27,25,2,Completed,17.0,92.59,15.55
ORD-100644,2026-06-23,Lucknow,R-18,DRV-029,Van,53.8,7,High,Clear,141.2,172.5,24.6,4.17,396.15,20,18,16,2,Completed,31.3,88.89,18.71
ORD-100645,2026-01-03,Noida,R-16,DRV-028,Truck,25.6,6,Low,Clear,85.9,88.3,14.7,4.78,454.1,17,15,14,1,Partial,2.4,93.33,17.4
ORD-100646,2026-05-06,Jaipur,R-11,DRV-009,Van,50.9,14,Low,Rain,185.3,227.1,16.2,3.97,377.15,13,12,10,2,Completed,41.8,83.33,13.45
ORD-100647,2026-02-27,Lucknow,R-08,DRV-003,Truck,32.1,8,Medium,Cloudy,111.0,141.4,17.7,6.07,576.65,17,16,13,3,Completed,30.4,81.25,13.62
ORD-100648,2026-05-27,Chandigarh,R-16,DRV-015,Bike,45.9,7,Medium,Clear,127.7,144.3,20.6,1.08,102.6,16,16,12,4,Completed,16.6,75.0,19.09
ORD-100649,2026-05-08,Delhi,R-13,DRV-014,Bike,31.2,9,Low,Rain,116.5,136.6,15.2,0.69,65.55,24,22,19,3,Completed,20.1,86.36,13.7
ORD-100650,2026-05-21,Delhi,R-20,DRV-020,Bike,67.1,10,High,Cloudy,185.0,275.2,27.5,1.38,131.1,24,22,18,4,Completed,90.2,81.82,14.63
ORD-100651,2026-05-11,Ghaziabad,R-11,DRV-012,Truck,48.5,6,Low,Clear,125.1,131.7,21.9,8.06,765.7,38,34,31,3,Partial,6.6,91.18,22.1
ORD-100652,2026-04-27,Jaipur,R-12,DRV-023,Truck,56.3,6,Medium,Clear,138.5,170.1,28.3,9.23,876.85,36,33,28,5,Completed,31.6,84.85,19.86
ORD-100653,2026-01-25,Ghaziabad,R-11,DRV-012,Bike,36.6,10,High,Cloudy,132.7,175.9,17.6,0.76,72.2,23,20,20,0,Partial,43.2,100.0,12.48
ORD-100654,2026-05-21,Jaipur,R-02,DRV-029,Bike,31.8,10,Low,Cloudy,124.5,130.4,13.0,0.65,61.75,24,23,20,3,Completed,5.9,86.96,14.63
ORD-100655,2026-02-05,Lucknow,R-09,DRV-020,Bike,63.5,11,Low,Clear,185.9,199.6,18.1,1.36,129.2,16,14,12,2,Partial,13.7,85.71,19.09
ORD-100656,2026-01-31,Lucknow,R-15,DRV-027,Van,51.8,1,Low,Rain,95.8,107.2,107.2,3.75,356.25,22,21,19,2,Completed,11.4,90.48,28.99
ORD-100657,2026-03-28,Gurugram,R-02,DRV-030,Truck,65.6,7,High,Rain,161.5,262.5,37.5,13.49,1281.55,35,31,27,4,Partial,101.0,87.1,14.99
ORD-100658,2026-05-31,Gurugram,R-15,DRV-022,Truck,35.8,9,High,Rain,124.4,198.4,22.0,6.07,576.65,25,21,20,1,Partial,74.0,95.24,10.83
ORD-100659,2026-02-04,Chandigarh,R-17,DRV-024,Bike,32.8,8,Low,Rain,112.2,122.6,15.3,0.8,76.0,2,1,0,1,Partial,10.4,0.0,16.05
ORD-100660,2026-04-21,Chandigarh,R-19,DRV-006,Van,33.8,13,High,Clear,148.9,186.7,14.4,2.56,243.2,27,26,22,4,Completed,37.8,84.62,10.86
ORD-100661,2026-01-27,Lucknow,R-17,DRV-029,Mini Truck,28.8,11,Medium,Cloudy,126.4,154.8,14.1,2.8,266.0,20,19,18,1,Completed,28.4,94.74,11.16
ORD-100662,2026-06-05,Ghaziabad,R-13,DRV-011,Mini Truck,29.8,1,Medium,Cloudy,58.1,71.7,71.7,2.99,284.05,8,6,5,1,Partial,13.6,83.33,24.94
ORD-100663,2026-02-04,Noida,R-20,DRV-023,Truck,44.3,7,High,Rain,124.9,209.8,30.0,8.47,804.65,37,32,29,3,Partial,84.9,90.62,12.67
ORD-100664,2026-03-18,Jaipur,R-07,DRV-007,Van,12.9,7,High,Rain,71.1,105.4,15.1,0.97,92.15,25,24,22,2,Completed,34.3,91.67,7.34
ORD-100665,2026-03-16,Jaipur,R-06,DRV-017,Van,80.8,7,High,Rain,187.5,262.2,37.5,5.89,559.55,18,17,15,2,Completed,74.7,88.24,18.49
ORD-100666,2026-06-13,Jaipur,R-12,DRV-018,Bike,31.8,6,Medium,Rain,96.5,131.4,21.9,0.7,66.5,19,19,16,3,Completed,34.9,84.21,14.52
ORD-100667,2026-05-27,Lucknow,R-14,DRV-026,Mini Truck,42.6,9,Low,Rain,136.0,132.4,14.7,4.92,467.4,16,15,12,3,Completed,-3.6,80.0,19.31
ORD-100668,2026-01-28,Delhi,R-05,DRV-002,Truck,54.5,11,High,Clear,170.4,245.9,22.4,10.11,960.45,23,21,20,1,Completed,75.5,95.24,13.3
ORD-100669,2026-02-21,Faridabad,R-10,DRV-022,Van,29.4,4,Medium,Clear,78.4,95.0,23.8,1.97,187.15,17,14,12,2,Partial,16.6,85.71,18.57
ORD-100670,2026-01-16,Faridabad,R-18,DRV-002,Van,40.5,8,Medium,Cloudy,125.4,159.8,20.0,3.01,285.95,23,21,19,2,Completed,34.4,90.48,15.21
ORD-100671,2026-01-27,Ghaziabad,R-08,DRV-017,Truck,64.9,8,High,Cloudy,167.3,223.9,28.0,10.86,1031.7,13,12,11,1,Completed,56.6,91.67,17.39
ORD-100672,2026-06-27,Delhi,R-13,DRV-014,Truck,52.4,7,High,Cloudy,138.8,214.7,30.7,9.16,870.2,32,30,26,4,Completed,75.9,86.67,14.64
ORD-100673,2026-05-22,Delhi,R-09,DRV-007,Bike,52.7,9,High,Cloudy,153.3,219.3,24.4,1.18,112.1,24,24,23,1,Completed,66.0,95.83,14.42
ORD-100674,2026-02-27,Jaipur,R-07,DRV-010,Van,55.0,8,Medium,Clear,150.3,186.8,23.4,4.09,388.55,25,23,20,3,Completed,36.5,86.96,17.67
ORD-100675,2026-06-24,Gurugram,R-06,DRV-024,Van,3.0,8,High,Clear,61.1,79.3,9.9,0.24,22.8,25,22,19,3,Partial,18.2,86.36,2.27
ORD-100676,2026-04-07,Delhi,R-09,DRV-018,Truck,23.2,9,Medium,Clear,102.8,121.0,13.4,4.54,431.3,18,16,13,3,Partial,18.2,81.25,11.5
ORD-100677,2026-02-11,Faridabad,R-11,DRV-015,Bike,54.6,9,High,Clear,156.6,219.8,24.4,1.21,114.95,28,28,25,3,Completed,63.2,89.29,14.9
ORD-100678,2026-01-11,Noida,R-20,DRV-002,Mini Truck,44.5,4,High,Rain,104.3,146.7,36.7,4.98,473.1,33,30,26,4,Completed,42.4,86.67,18.2
ORD-100679,2026-06-19,Faridabad,R-19,DRV-018,Truck,34.7,6,Medium,Clear,101.5,119.5,19.9,5.55,527.25,35,31,29,2,Partial,18.0,93.55,17.42
ORD-100680,2026-03-23,Ghaziabad,R-17,DRV-003,Van,19.1,10,High,Clear,102.7,146.1,14.6,1.41,133.95,17,16,13,3,Completed,43.4,81.25,7.84
ORD-100681,2026-04-17,Lucknow,R-12,DRV-008,Bike,37.5,11,Low,Rain,141.3,168.3,15.3,0.83,78.85,17,16,14,2,Completed,27.0,87.5,13.37
ORD-100682,2026-03-26,Jaipur,R-10,DRV-007,Mini Truck,3.0,10,High,Rain,75.1,113.3,11.3,0.37,35.15,16,13,12,1,Partial,38.2,92.31,1.59
ORD-100683,2026-05-02,Delhi,R-12,DRV-015,Bike,47.2,2,Low,Rain,94.9,98.0,49.0,1.28,121.6,22,21,18,3,Completed,3.1,85.71,28.9
ORD-100684,2026-06-07,Ghaziabad,R-11,DRV-013,Bike,4.4,7,Low,Cloudy,56.5,57.0,8.1,0.09,8.55,24,22,19,3,Completed,0.5,86.36,4.63
ORD-100685,2026-03-07,Faridabad,R-17,DRV-027,Bike,19.2,9,Medium,Rain,95.9,104.3,11.6,0.36,34.2,30,28,25,3,Completed,8.4,89.29,11.05
ORD-100686,2026-05-11,Chandigarh,R-02,DRV-010,Truck,16.9,5,High,Clear,64.0,84.6,16.9,2.68,254.6,19,18,17,1,Completed,20.6,94.44,11.99
ORD-100687,2026-03-24,Gurugram,R-06,DRV-025,Bike,34.5,10,High,Rain,129.1,165.3,16.5,0.81,76.95,18,17,15,2,Completed,36.2,88.24,12.52
ORD-100688,2026-01-02,Gurugram,R-07,DRV-028,Van,65.8,5,High,Cloudy,147.8,215.8,43.2,4.59,436.05,23,21,18,3,Completed,68.0,85.71,18.29
ORD-100689,2026-01-27,Ghaziabad,R-03,DRV-024,Truck,41.7,7,High,Clear,120.5,165.8,23.7,7.63,724.85,31,30,25,5,Completed,45.3,83.33,15.09
ORD-100690,2026-01-07,Chandigarh,R-02,DRV-003,Mini Truck,57.6,4,Low,Clear,126.7,132.7,33.2,6.72,638.4,9,8,7,1,Partial,6.0,87.5,26.04
ORD-100691,2026-02-15,Faridabad,R-19,DRV-027,Bike,28.3,12,Low,Cloudy,132.5,129.3,10.8,0.59,56.05,25,24,21,3,Completed,-3.2,87.5,13.13
ORD-100692,2026-04-15,Lucknow,R-13,DRV-014,Truck,63.0,9,Medium,Clear,171.0,162.4,18.0,10.97,1042.15,20,19,14,5,Completed,-8.6,73.68,23.28
ORD-100693,2026-04-10,Gurugram,R-20,DRV-003,Bike,87.9,9,High,Rain,213.7,327.0,36.3,2.14,203.3,43,41,39,2,Completed,113.3,95.12,16.13
ORD-100694,2026-01-12,Gurugram,R-17,DRV-004,Mini Truck,44.4,7,Medium,Rain,125.1,155.0,22.1,4.61,437.95,19,16,14,2,Partial,29.9,87.5,17.19
ORD-100695,2026-03-19,Gurugram,R-15,DRV-013,Mini Truck,11.7,8,Medium,Rain,76.1,97.7,12.2,1.32,125.4,20,20,19,1,Completed,21.6,95.0,7.19
ORD-100696,2026-01-08,Chandigarh,R-18,DRV-008,Van,19.6,8,Low,Rain,89.6,95.5,11.9,1.29,122.55,14,13,11,2,Completed,5.9,84.62,12.31
ORD-100697,2026-04-11,Faridabad,R-10,DRV-022,Van,59.4,10,High,Rain,171.8,288.3,28.8,3.95,375.25,28,27,23,4,Completed,116.5,85.19,12.36
ORD-100698,2026-04-06,Delhi,R-04,DRV-002,Van,28.1,12,Low,Rain,132.2,150.8,12.6,2.11,200.45,18,16,14,2,Partial,18.6,87.5,11.18
ORD-100699,2026-06-02,Lucknow,R-10,DRV-007,Bike,39.8,4,High,Rain,96.2,145.3,36.3,0.76,72.2,16,15,14,1,Completed,49.1,93.33,16.43
ORD-100700,2026-03-30,Ghaziabad,R-17,DRV-005,Truck,34.9,4,Low,Clear,87.8,80.6,20.1,6.16,585.2,30,29,25,4,Completed,-7.2,86.21,25.98
ORD-100701,2026-02-26,Faridabad,R-04,DRV-006,Van,21.2,8,High,Rain,92.3,130.4,16.3,1.45,137.75,35,34,31,3,Completed,38.1,91.18,9.75
ORD-100702,2026-01-14,Chandigarh,R-10,DRV-022,Bike,19.1,8,Low,Cloudy,88.7,99.1,12.4,0.41,38.95,35,34,34,0,Completed,10.4,100.0,11.56
ORD-100703,2026-01-26,Ghaziabad,R-11,DRV-012,Truck,47.5,9,Low,Rain,144.4,180.0,20.0,8.95,850.25,20,18,16,2,Completed,35.6,88.89,15.83
ORD-100704,2026-06-17,Ghaziabad,R-10,DRV-020,Bike,18.8,7,Low,Clear,81.2,88.3,12.6,0.34,32.3,37,36,31,5,Completed,7.1,86.11,12.77
ORD-100705,2026-03-23,Chandigarh,R-11,DRV-020,Truck,51.8,8,High,Cloudy,144.8,221.2,27.6,10.16,965.2,13,12,10,2,Completed,76.4,83.33,14.05
ORD-100706,2026-06-27,Noida,R-11,DRV-014,Mini Truck,43.5,5,Low,Clear,109.6,124.9,25.0,5.24,497.8,19,16,14,2,Partial,15.3,87.5,20.9
ORD-100707,2026-03-22,Ghaziabad,R-14,DRV-009,Van,49.8,8,Medium,Clear,141.4,178.9,22.4,3.78,359.1,32,30,24,6,Completed,37.5,80.0,16.7
ORD-100708,2026-06-23,Jaipur,R-15,DRV-015,Truck,38.5,11,Medium,Cloudy,143.0,168.7,15.3,7.28,691.6,22,19,17,2,Partial,25.7,89.47,13.69
ORD-100709,2026-05-05,Gurugram,R-20,DRV-003,Van,47.6,6,Medium,Clear,123.6,139.5,23.2,3.14,298.3,33,30,29,1,Completed,15.9,96.67,20.47
ORD-100710,2026-05-18,Ghaziabad,R-03,DRV-024,Mini Truck,69.5,7,Low,Clear,168.1,154.5,22.1,6.43,610.85,13,11,10,1,Partial,-13.6,90.91,26.99
ORD-100711,2026-05-10,Delhi,R-19,DRV-007,Truck,44.1,9,Low,Rain,138.6,127.7,14.2,7.25,688.75,32,30,27,3,Completed,-10.9,90.0,20.72
ORD-100712,2026-03-08,Chandigarh,R-12,DRV-013,Van,52.2,12,Low,Rain,173.5,190.9,15.9,3.75,356.25,26,26,20,6,Completed,17.4,76.92,16.41
ORD-100713,2026-03-16,Noida,R-17,DRV-017,Truck,54.3,7,Low,Cloudy,142.1,153.0,21.9,9.35,888.25,24,23,23,0,Completed,10.9,100.0,21.29
ORD-100714,2026-04-04,Delhi,R-20,DRV-022,Van,56.5,5,Low,Rain,131.9,142.7,28.5,3.89,369.55,10,9,8,1,Completed,10.8,88.89,23.76
ORD-100715,2026-02-05,Chandigarh,R-06,DRV-019,Van,19.1,11,High,Rain,109.7,172.3,15.7,1.28,121.6,23,23,21,2,Completed,62.6,91.3,6.65
ORD-100716,2026-02-07,Chandigarh,R-02,DRV-008,Mini Truck,42.2,7,Medium,Clear,121.3,140.3,20.0,4.5,427.5,8,8,7,1,Completed,19.0,87.5,18.05
ORD-100717,2026-01-17,Faridabad,R-08,DRV-002,Mini Truck,49.2,7,High,Clear,133.3,169.4,24.2,5.39,512.05,12,12,10,2,Completed,36.1,83.33,17.43
ORD-100718,2026-05-13,Jaipur,R-16,DRV-030,Truck,23.4,6,Medium,Clear,82.1,104.1,17.3,4.26,404.7,15,14,13,1,Completed,22.0,92.86,13.49
ORD-100719,2026-01-11,Jaipur,R-17,DRV-021,Bike,51.7,10,Medium,Rain,158.6,243.4,24.3,1.35,128.25,19,19,17,2,Completed,84.8,89.47,12.74
ORD-100720,2026-03-09,Noida,R-13,DRV-012,Truck,51.0,2,High,Rain,101.4,151.2,75.6,8.67,823.65,31,30,23,7,Completed,49.8,76.67,20.24
ORD-100721,2026-01-20,Faridabad,R-08,DRV-017,Truck,41.6,11,Medium,Cloudy,148.3,173.0,15.7,8.0,760.0,27,25,22,3,Completed,24.7,88.0,14.43
ORD-100722,2026-03-30,Chandigarh,R-20,DRV-001,Truck,20.1,4,High,Clear,62.5,89.2,22.3,3.66,347.7,23,21,18,3,Completed,26.7,85.71,13.52
ORD-100723,2026-04-23,Noida,R-03,DRV-017,Van,60.8,6,High,Cloudy,146.2,181.5,30.2,4.6,437.0,23,21,21,0,Completed,35.3,100.0,20.1
ORD-100724,2026-02-24,Noida,R-06,DRV-012,Van,41.6,8,High,Rain,127.3,174.3,21.8,2.92,277.4,29,25,23,2,Partial,47.0,92.0,14.32
ORD-100725,2026-01-31,Ghaziabad,R-11,DRV-024,Truck,43.8,8,Low,Cloudy,131.1,146.2,18.3,8.18,777.1,36,32,29,3,Partial,15.1,90.62,17.98
ORD-100726,2026-06-22,Chandigarh,R-07,DRV-019,Truck,43.5,4,Low,Rain,102.6,123.7,30.9,9.38,891.1,24,23,21,2,Completed,21.1,91.3,21.1
ORD-100727,2026-04-16,Delhi,R-02,DRV-005,Van,29.2,2,High,Rain,64.1,91.4,45.7,1.85,175.75,38,35,31,4,Completed,27.3,88.57,19.17
ORD-100728,2026-02-11,Noida,R-19,DRV-005,Bike,58.0,4,Low,Clear,127.4,119.6,29.9,1.3,123.5,33,31,28,3,Completed,-7.8,90.32,29.1
ORD-100729,2026-03-08,Noida,R-20,DRV-019,Truck,43.4,9,High,Clear,137.4,188.5,20.9,7.24,687.8,25,22,20,2,Partial,51.1,90.91,13.81
ORD-100730,2026-06-19,Faridabad,R-07,DRV-015,Bike,33.3,15,High,Cloudy,162.1,224.7,15.0,0.66,62.7,23,22,22,0,Completed,62.6,100.0,8.89
ORD-100731,2026-05-04,Noida,R-14,DRV-020,Van,31.4,3,Low,Rain,74.8,89.3,29.8,2.0,190.0,21,19,17,2,Completed,14.5,89.47,21.1
ORD-100732,2026-02-16,Faridabad,R-11,DRV-030,Van,54.4,5,Medium,Rain,128.3,161.6,32.3,3.88,368.6,26,24,22,2,Completed,33.3,91.67,20.2
ORD-100733,2026-06-01,Gurugram,R-13,DRV-013,Van,57.2,9,Low,Clear,161.1,166.9,18.5,3.57,339.15,25,23,21,2,Completed,5.8,91.3,20.56
ORD-100734,2026-01-05,Ghaziabad,R-05,DRV-020,Truck,29.5,6,Low,Clear,92.6,88.3,14.7,5.59,531.05,33,30,28,2,Completed,-4.3,93.33,20.05
ORD-100735,2026-05-02,Delhi,R-03,DRV-016,Bike,44.2,7,High,Clear,124.8,165.6,23.7,1.04,98.8,27,27,23,4,Completed,40.8,85.19,16.01
ORD-100736,2026-06-04,Delhi,R-17,DRV-014,Truck,51.3,6,Medium,Clear,129.9,139.0,23.2,9.32,885.4,26,26,23,3,Completed,9.1,88.46,22.14
ORD-100737,2026-06-28,Lucknow,R-16,DRV-026,Van,21.7,8,Medium,Cloudy,93.2,92.1,11.5,1.54,146.3,25,24,23,1,Completed,-1.1,95.83,14.14
ORD-100738,2026-05-31,Gurugram,R-05,DRV-009,Truck,32.9,7,Medium,Clear,105.4,113.8,16.3,5.44,516.8,27,24,21,3,Partial,8.4,87.5,17.35
ORD-100739,2026-01-22,Faridabad,R-09,DRV-007,Truck,24.1,9,Low,Rain,104.3,133.7,14.9,3.93,373.35,10,9,8,1,Completed,29.4,88.89,10.82
ORD-100740,2026-01-02,Gurugram,R-13,DRV-021,Bike,45.9,6,Low,Rain,120.7,133.0,22.2,1.05,99.75,33,28,24,4,Partial,12.3,85.71,20.71
ORD-100741,2026-03-22,Lucknow,R-04,DRV-005,Mini Truck,45.8,5,Medium,Rain,113.5,166.4,33.3,4.83,458.85,24,23,20,3,Completed,52.9,86.96,16.51
ORD-100742,2026-05-30,Faridabad,R-18,DRV-014,Mini Truck,8.8,6,High,Cloudy,57.1,85.9,14.3,0.95,90.25,18,17,15,2,Completed,28.8,88.24,6.15
ORD-100743,2026-06-06,Faridabad,R-07,DRV-014,Truck,32.8,8,High,Rain,112.2,180.1,22.5,7.1,674.5,31,30,26,4,Completed,67.9,86.67,10.93
ORD-100744,2026-05-04,Noida,R-18,DRV-018,Mini Truck,23.5,8,Medium,Cloudy,96.3,115.0,14.4,2.39,227.05,23,21,19,2,Completed,18.7,90.48,12.26
ORD-100745,2026-03-20,Jaipur,R-05,DRV-028,Truck,51.1,8,High,Clear,143.6,186.0,23.2,8.91,846.45,15,15,13,2,Completed,42.4,86.67,16.48
ORD-100746,2026-02-28,Chandigarh,R-04,DRV-007,Van,38.0,5,High,Cloudy,100.1,171.9,34.4,2.48,235.6,21,20,18,2,Completed,71.8,90.0,13.26
ORD-100747,2026-03-28,Delhi,R-13,DRV-021,Van,59.2,13,Low,Clear,192.5,200.3,15.4,3.87,367.65,22,20,20,0,Completed,7.8,100.0,17.73
ORD-100748,2026-02-07,Chandigarh,R-03,DRV-003,Truck,16.8,11,Medium,Clear,105.8,123.4,11.2,3.26,309.7,24,21,20,1,Partial,17.6,95.24,8.17
ORD-100749,2026-04-05,Gurugram,R-13,DRV-030,Bike,53.8,10,Medium,Rain,162.2,208.7,20.9,1.14,108.3,12,11,10,1,Completed,46.5,90.91,15.47
ORD-100750,2026-06-17,Faridabad,R-06,DRV-021,Bike,24.6,6,Medium,Cloudy,84.2,96.0,16.0,0.48,45.6,18,16,14,2,Partial,11.8,87.5,15.38
ORD-100751,2026-01-03,Ghaziabad,R-07,DRV-002,Mini Truck,28.7,3,High,Rain,70.2,123.3,41.1,3.51,333.45,18,17,15,2,Completed,53.1,88.24,13.97
ORD-100752,2026-05-13,Ghaziabad,R-02,DRV-012,Van,63.4,5,Low,Rain,143.7,175.0,35.0,4.33,411.35,14,13,12,1,Completed,31.3,92.31,21.74
ORD-100753,2026-01-01,Noida,R-09,DRV-025,Bike,88.6,4,Medium,Cloudy,179.9,225.0,56.2,1.9,180.5,31,27,22,5,Partial,45.1,81.48,23.63
ORD-100754,2026-06-21,Lucknow,R-19,DRV-007,Truck,28.0,8,High,Clear,104.0,133.2,16.6,5.36,509.2,33,31,31,0,Completed,29.2,100.0,12.61
ORD-100755,2026-06-30,Gurugram,R-18,DRV-010,Bike,49.5,4,High,Rain,112.9,189.3,47.3,1.05,99.75,32,32,29,3,Completed,76.4,90.62,15.69
ORD-100756,2026-05-30,Jaipur,R-09,DRV-008,Mini Truck,15.1,5,High,Clear,60.9,90.9,18.2,1.66,157.7,25,24,22,2,Completed,30.0,91.67,9.97
ORD-100757,2026-04-27,Lucknow,R-09,DRV-006,Bike,47.0,7,Medium,Rain,129.6,162.7,23.2,1.12,106.4,29,26,25,1,Partial,33.1,96.15,17.33
ORD-100758,2026-01-28,Gurugram,R-11,DRV-004,Mini Truck,39.7,5,High,Cloudy,103.1,134.7,26.9,4.07,386.65,22,21,18,3,Completed,31.6,85.71,17.68
ORD-100759,2026-05-18,Faridabad,R-13,DRV-019,Truck,45.4,6,Medium,Clear,119.8,134.9,22.5,7.26,689.7,23,21,19,2,Completed,15.1,90.48,20.19
ORD-100760,2026-03-28,Chandigarh,R-19,DRV-028,Truck,46.0,4,Low,Cloudy,106.9,119.7,29.9,8.5,807.5,26,24,21,3,Completed,12.8,87.5,23.06
ORD-100761,2026-01-30,Faridabad,R-13,DRV-021,Bike,45.9,9,Low,Rain,141.7,136.5,15.2,0.98,93.1,22,20,19,1,Completed,-5.2,95.0,20.18
ORD-100762,2026-06-29,Ghaziabad,R-14,DRV-012,Mini Truck,28.1,6,High,Rain,90.2,130.8,21.8,2.92,277.4,22,21,17,4,Completed,40.6,80.95,12.89
ORD-100763,2026-01-03,Faridabad,R-10,DRV-003,Van,49.7,2,Medium,Rain,99.2,122.0,61.0,3.46,328.7,38,35,27,8,Completed,22.8,77.14,24.44
ORD-100764,2026-03-29,Gurugram,R-16,DRV-011,Van,6.0,8,Medium,Clear,66.3,80.0,10.0,0.44,41.8,26,25,21,4,Completed,13.7,84.0,4.5
ORD-100765,2026-05-27,Faridabad,R-07,DRV-016,Van,58.1,3,High,Clear,120.6,151.0,50.3,3.55,337.25,22,20,18,2,Completed,30.4,90.0,23.09
ORD-100766,2026-03-02,Ghaziabad,R-07,DRV-008,Mini Truck,43.1,5,Low,Clear,108.9,107.2,21.4,4.22,400.9,35,32,28,4,Completed,-1.7,87.5,24.12
ORD-100767,2026-06-08,Jaipur,R-04,DRV-004,Van,70.6,4,Low,Rain,149.0,151.9,38.0,4.6,437.0,24,22,20,2,Completed,2.9,90.91,27.89
ORD-100768,2026-06-19,Chandigarh,R-18,DRV-002,Bike,88.3,1,Medium,Cloudy,158.4,196.8,196.8,1.87,177.65,20,18,15,3,Completed,38.4,83.33,26.92
ORD-100769,2026-06-08,Jaipur,R-19,DRV-028,Truck,72.3,10,Medium,Cloudy,193.9,230.1,23.0,14.57,1384.15,12,10,7,3,Partial,36.2,70.0,18.85
ORD-100770,2026-02-16,Faridabad,R-08,DRV-025,Truck,29.4,8,High,Clear,106.4,144.8,18.1,5.41,513.95,13,12,11,1,Completed,38.4,91.67,12.18
ORD-100771,2026-01-14,Lucknow,R-18,DRV-002,Truck,55.2,2,High,Cloudy,108.6,154.8,77.4,9.08,862.6,21,20,18,2,Completed,46.2,90.0,21.4
ORD-100772,2026-04-11,Noida,R-04,DRV-023,Truck,26.7,8,High,Cloudy,101.8,124.2,15.5,5.3,503.5,23,22,19,3,Completed,22.4,86.36,12.9
ORD-100773,2026-03-22,Delhi,R-07,DRV-013,Bike,32.6,5,High,Clear,90.9,131.3,26.3,0.68,64.6,30,27,21,6,Completed,40.4,77.78,14.9
ORD-100774,2026-03-25,Jaipur,R-06,DRV-018,Mini Truck,31.7,4,Medium,Clear,82.3,94.9,23.7,3.19,303.05,32,29,26,3,Completed,12.6,89.66,20.04
ORD-100775,2026-03-10,Chandigarh,R-12,DRV-006,Mini Truck,53.8,10,Medium,Cloudy,162.2,191.8,19.2,5.61,532.95,10,9,7,2,Completed,29.6,77.78,16.83
ORD-100776,2026-02-23,Lucknow,R-12,DRV-028,Mini Truck,43.9,6,Medium,Cloudy,117.3,146.6,24.4,4.64,440.8,24,23,21,2,Completed,29.3,91.3,17.97
ORD-100777,2026-04-26,Noida,R-19,DRV-022,Van,40.9,6,Low,Clear,112.1,106.4,17.7,2.72,258.4,20,19,17,2,Completed,-5.7,89.47,23.06
ORD-100778,2026-03-11,Ghaziabad,R-13,DRV-007,Truck,17.7,13,Low,Rain,121.3,139.3,10.7,2.86,271.7,21,19,19,0,Completed,18.0,100.0,7.62
ORD-100779,2026-02-08,Chandigarh,R-06,DRV-014,Bike,22.1,10,Medium,Clear,107.9,138.0,13.8,0.47,44.65,22,19,17,2,Partial,30.1,89.47,9.61
ORD-100780,2026-06-11,Jaipur,R-10,DRV-009,Truck,41.3,9,High,Rain,133.8,219.9,24.4,7.06,670.7,9,8,7,1,Partial,86.1,87.5,11.27
ORD-100781,2026-01-13,Lucknow,R-06,DRV-002,Bike,46.5,7,Low,Cloudy,128.7,133.9,19.1,1.16,110.2,28,25,21,4,Partial,5.2,84.0,20.84
ORD-100782,2026-05-02,Gurugram,R-11,DRV-009,Truck,38.9,12,Medium,Cloudy,150.7,175.9,14.7,7.06,670.7,21,20,20,0,Completed,25.2,100.0,13.27
ORD-100783,2026-05-24,Faridabad,R-01,DRV-014,Mini Truck,50.1,8,Low,Cloudy,141.9,146.6,18.3,4.5,427.5,30,28,26,2,Completed,4.7,92.86,20.5
ORD-100784,2026-06-23,Ghaziabad,R-10,DRV-012,Van,29.2,6,Medium,Rain,92.1,114.7,19.1,2.26,214.7,21,21,19,2,Completed,22.6,90.48,15.27
ORD-100785,2026-05-11,Chandigarh,R-03,DRV-013,Truck,19.0,7,High,Cloudy,81.6,107.5,15.4,2.85,270.75,37,35,32,3,Completed,25.9,91.43,10.6
ORD-100786,2026-04-29,Noida,R-11,DRV-014,Van,45.0,3,High,Rain,98.1,142.6,47.5,3.43,325.85,16,13,11,2,Partial,44.5,84.62,18.93
ORD-100787,2026-05-27,Lucknow,R-03,DRV-006,Bike,39.4,8,Medium,Clear,123.5,150.3,18.8,0.92,87.4,27,26,21,5,Completed,26.8,80.77,15.73
ORD-100788,2026-03-22,Jaipur,R-09,DRV-020,Mini Truck,51.1,9,High,Cloudy,150.6,188.6,21.0,5.0,475.0,19,17,16,1,Partial,38.0,94.12,16.26
ORD-100789,2026-03-11,Chandigarh,R-19,DRV-017,Mini Truck,30.9,5,Medium,Cloudy,88.0,99.1,19.8,3.74,355.3,25,23,20,3,Completed,11.1,86.96,18.71
ORD-100790,2026-02-12,Noida,R-05,DRV-024,Bike,65.3,5,Low,Rain,146.9,181.8,36.4,1.48,140.6,23,23,19,4,Completed,34.9,82.61,21.55
ORD-100791,2026-03-06,Gurugram,R-06,DRV-013,Van,35.6,4,Low,Clear,89.0,95.8,23.9,2.89,274.55,38,37,33,4,Completed,6.8,89.19,22.3
ORD-100792,2026-01-17,Chandigarh,R-01,DRV-025,Bike,35.4,2,Medium,Rain,74.7,111.9,56.0,0.82,77.9,21,20,17,3,Completed,37.2,85.0,18.98
ORD-100793,2026-01-22,Gurugram,R-20,DRV-005,Mini Truck,49.3,7,Low,Rain,133.5,157.2,22.5,5.45,517.75,13,12,11,1,Completed,23.7,91.67,18.82
ORD-100794,2026-04-10,Faridabad,R-08,DRV-024,Van,41.5,10,Medium,Cloudy,141.1,153.2,15.3,2.96,281.2,20,19,17,2,Completed,12.1,89.47,16.25
ORD-100795,2026-06-10,Noida,R-17,DRV-027,Van,54.4,11,Low,Clear,170.3,179.7,16.3,3.97,377.15,17,15,13,2,Partial,9.4,86.67,18.16
ORD-100796,2026-01-09,Jaipur,R-16,DRV-015,Mini Truck,35.8,6,High,Cloudy,103.4,132.5,22.1,3.35,318.25,19,18,14,4,Completed,29.1,77.78,16.21
ORD-100797,2026-05-21,Chandigarh,R-18,DRV-006,Van,42.3,13,High,Rain,163.5,267.4,20.6,3.42,324.9,28,27,23,4,Completed,103.9,85.19,9.49
ORD-100798,2026-04-27,Lucknow,R-12,DRV-016,Mini Truck,30.4,1,High,Clear,59.1,87.4,87.4,3.79,360.05,20,18,15,3,Completed,28.3,83.33,20.87
ORD-100799,2026-01-23,Chandigarh,R-12,DRV-014,Mini Truck,48.9,11,Medium,Clear,160.8,159.1,14.5,5.61,532.95,22,20,18,2,Completed,-1.7,90.0,18.44
ORD-100800,2026-03-19,Delhi,R-17,DRV-027,Bike,38.6,7,Low,Cloudy,115.2,116.6,16.7,0.92,87.4,28,26,21,5,Completed,1.4,80.77,19.86
ORD-100801,2026-03-15,Chandigarh,R-16,DRV-025,Bike,35.2,10,Medium,Cloudy,130.3,154.8,15.5,0.82,77.9,39,38,34,4,Completed,24.5,89.47,13.64
ORD-100802,2026-01-03,Lucknow,R-20,DRV-008,Mini Truck,32.8,1,Low,Rain,63.2,69.8,69.8,3.55,337.25,28,26,23,3,Completed,6.6,88.46,28.19
ORD-100803,2026-04-06,Ghaziabad,R-18,DRV-014,Truck,10.0,5,Medium,Clear,52.1,62.2,12.4,2.07,196.65,24,22,21,1,Completed,10.1,95.45,9.65
ORD-100804,2026-02-11,Lucknow,R-08,DRV-009,Truck,27.4,9,Low,Cloudy,110.0,106.6,11.8,5.33,506.35,26,24,20,4,Completed,-3.4,83.33,15.42
ORD-100805,2026-06-10,Ghaziabad,R-10,DRV-021,Mini Truck,54.7,14,High,Rain,191.8,266.6,19.0,5.91,561.45,26,25,21,4,Completed,74.8,84.0,12.31
ORD-100806,2026-03-10,Lucknow,R-03,DRV-006,Van,3.0,12,Low,Cloudy,89.1,97.4,8.1,0.18,17.1,20,20,19,1,Completed,8.3,95.0,1.85
ORD-100807,2026-01-29,Chandigarh,R-09,DRV-023,Truck,58.9,7,High,Cloudy,150.0,210.0,30.0,10.6,1007.0,34,30,25,5,Partial,60.0,83.33,16.83
ORD-100808,2026-02-18,Jaipur,R-05,DRV-002,Bike,60.2,7,High,Clear,152.2,228.1,32.6,1.27,120.65,24,21,19,2,Partial,75.9,90.48,15.84
ORD-100809,2026-02-17,Gurugram,R-09,DRV-005,Mini Truck,15.4,6,High,Cloudy,68.4,84.2,14.0,1.81,171.95,30,26,25,1,Partial,15.8,96.15,10.97
ORD-100810,2026-01-03,Ghaziabad,R-05,DRV-001,Bike,87.0,8,Medium,Clear,205.1,223.8,28.0,2.37,225.15,14,13,11,2,Completed,18.7,84.62,23.32
ORD-100811,2026-03-29,Lucknow,R-16,DRV-012,Mini Truck,66.2,9,Medium,Rain,176.5,218.3,24.3,6.8,646.0,22,19,17,2,Partial,41.8,89.47,18.2
ORD-100812,2026-01-09,Jaipur,R-05,DRV-002,Bike,31.8,3,Medium,Cloudy,75.5,98.4,32.8,0.68,64.6,14,13,11,2,Completed,22.9,84.62,19.39
ORD-100813,2026-01-19,Chandigarh,R-07,DRV-029,Van,10.6,8,Medium,Cloudy,74.2,80.5,10.1,0.86,81.7,29,26,22,4,Partial,6.3,84.62,7.9
ORD-100814,2026-01-04,Gurugram,R-13,DRV-025,Van,40.1,9,Medium,Clear,131.7,151.1,16.8,2.81,266.95,25,22,19,3,Partial,19.4,86.36,15.92
ORD-100815,2026-01-09,Ghaziabad,R-04,DRV-017,Truck,4.5,10,High,Clear,77.7,107.4,10.7,0.77,73.15,40,37,31,6,Completed,29.7,83.78,2.51
ORD-100816,2026-05-02,Lucknow,R-11,DRV-006,Mini Truck,57.4,9,High,Rain,161.4,251.7,28.0,6.16,585.2,28,26,24,2,Completed,90.3,92.31,13.68
ORD-100817,2026-01-11,Gurugram,R-16,DRV-021,Mini Truck,7.7,6,Medium,Clear,55.2,72.2,12.0,0.8,76.0,20,18,15,3,Completed,17.0,83.33,6.4
ORD-100818,2026-04-03,Delhi,R-04,DRV-008,Van,3.0,7,High,Cloudy,54.1,76.0,10.9,0.21,19.95,23,21,20,1,Completed,21.9,95.24,2.37
ORD-100819,2026-03-25,Delhi,R-09,DRV-019,Van,38.6,6,Low,Cloudy,108.2,108.9,18.2,2.88,273.6,36,32,29,3,Partial,0.7,90.62,21.27
ORD-100820,2026-03-04,Delhi,R-19,DRV-026,Bike,48.1,5,High,Cloudy,117.5,163.7,32.7,0.94,89.3,10,9,7,2,Completed,46.2,77.78,17.63
ORD-100821,2026-06-26,Noida,R-03,DRV-008,Mini Truck,45.6,7,Low,Cloudy,127.2,120.8,17.3,5.05,479.75,15,14,11,3,Completed,-6.4,78.57,22.65
ORD-100822,2026-01-24,Jaipur,R-02,DRV-012,Bike,38.5,4,High,Clear,94.0,132.7,33.2,0.83,78.85,20,19,17,2,Completed,38.7,89.47,17.41
ORD-100823,2026-06-29,Gurugram,R-16,DRV-008,Van,51.3,5,Medium,Rain,122.9,140.5,28.1,3.7,351.5,22,21,19,2,Completed,17.6,90.48,21.91
ORD-100824,2026-06-15,Jaipur,R-07,DRV-001,Truck,45.7,3,High,Cloudy,99.3,158.9,53.0,8.2,779.0,30,27,25,2,Completed,59.6,92.59,17.26
ORD-100825,2026-04-02,Noida,R-02,DRV-016,Mini Truck,18.5,9,High,Cloudy,94.7,127.9,14.2,2.06,195.7,30,26,22,4,Partial,33.2,84.62,8.68
ORD-100826,2026-05-24,Faridabad,R-07,DRV-019,Truck,50.2,14,Low,Rain,184.1,203.9,14.6,9.56,908.2,24,24,19,5,Completed,19.8,79.17,14.77
ORD-100827,2026-03-31,Jaipur,R-09,DRV-028,Truck,43.7,3,High,Rain,95.9,115.9,38.6,8.13,772.35,26,24,21,3,Completed,20.0,87.5,22.62
ORD-100828,2026-02-11,Gurugram,R-15,DRV-010,Van,97.8,7,Medium,Rain,216.7,290.5,41.5,6.62,628.9,27,25,22,3,Completed,73.8,88.0,20.2
ORD-100829,2026-04-04,Chandigarh,R-17,DRV-013,Bike,74.7,11,High,Clear,205.1,279.9,25.4,1.35,128.25,22,22,19,3,Completed,74.8,86.36,16.01
ORD-100830,2026-01-05,Jaipur,R-11,DRV-024,Van,61.9,12,Low,Rain,190.1,216.6,18.1,4.12,391.4,5,4,3,1,Partial,26.5,75.0,17.15
ORD-100831,2026-05-18,Lucknow,R-17,DRV-022,Van,45.2,4,Medium,Rain,105.5,133.0,33.2,3.24,307.8,27,24,23,1,Partial,27.5,95.83,20.39
ORD-100832,2026-02-09,Faridabad,R-14,DRV-021,Mini Truck,31.3,2,Medium,Clear,67.7,77.2,38.6,3.49,331.55,26,25,22,3,Completed,9.5,88.0,24.33
ORD-100833,2026-01-25,Gurugram,R-05,DRV-006,Bike,39.8,4,Low,Clear,96.2,102.5,25.6,0.9,85.5,21,18,17,1,Partial,6.3,94.44,23.3
ORD-100834,2026-01-28,Chandigarh,R-04,DRV-002,Van,19.9,6,High,Rain,76.1,118.4,19.7,1.29,122.55,13,11,10,1,Partial,42.3,90.91,10.08
ORD-100835,2026-04-10,Chandigarh,R-02,DRV-012,Mini Truck,32.2,16,Low,Rain,167.2,172.4,10.8,3.31,314.45,20,18,15,3,Completed,5.2,83.33,11.21
ORD-100836,2026-01-19,Delhi,R-16,DRV-030,Van,53.0,5,Low,Cloudy,125.9,115.3,23.1,3.24,307.8,7,6,5,1,Partial,-10.6,83.33,27.58
ORD-100837,2026-06-13,Delhi,R-18,DRV-024,Mini Truck,30.6,11,Medium,Cloudy,129.5,168.5,15.3,3.31,314.45,10,9,7,2,Completed,39.0,77.78,10.9
ORD-100838,2026-01-15,Faridabad,R-03,DRV-027,Bike,30.2,5,Medium,Clear,86.8,94.6,18.9,0.65,61.75,19,18,16,2,Completed,7.8,88.89,19.15
ORD-100839,2026-02-25,Gurugram,R-08,DRV-018,Bike,25.6,11,Medium,Clear,120.9,128.1,11.6,0.5,47.5,28,25,23,2,Partial,7.2,92.0,11.99
ORD-100840,2026-02-19,Ghaziabad,R-18,DRV-024,Van,3.0,12,High,Cloudy,89.1,130.6,10.9,0.19,18.05,13,13,11,2,Completed,41.5,84.62,1.38
ORD-100841,2026-01-28,Jaipur,R-14,DRV-029,Truck,27.0,1,Low,Clear,53.3,51.8,51.8,4.82,457.9,30,26,21,5,Partial,-1.5,80.77,31.27
ORD-100842,2026-02-16,Lucknow,R-06,DRV-018,Mini Truck,50.1,11,High,Cloudy,162.9,198.0,18.0,6.05,574.75,25,24,21,3,Completed,35.1,87.5,15.18
ORD-100843,2026-04-01,Jaipur,R-12,DRV-014,Mini Truck,3.0,7,High,Cloudy,54.1,81.6,11.7,0.31,29.45,21,19,13,6,Completed,27.5,68.42,2.21
ORD-100844,2026-03-24,Ghaziabad,R-13,DRV-025,Van,72.1,5,High,Rain,158.6,249.5,49.9,5.11,485.45,35,33,29,4,Completed,90.9,87.88,17.34
ORD-100845,2026-03-07,Jaipur,R-15,DRV-013,Truck,25.9,10,Low,Rain,114.4,108.9,10.9,4.95,470.25,16,15,13,2,Completed,-5.5,86.67,14.27
ORD-100846,2026-01-09,Faridabad,R-17,DRV-005,Bike,53.6,8,Medium,Clear,147.9,146.2,18.3,1.11,105.45,30,28,27,1,Completed,-1.7,96.43,22.0
ORD-100847,2026-03-18,Ghaziabad,R-11,DRV-001,Van,49.3,5,High,Cloudy,119.5,155.6,31.1,3.55,337.25,6,6,5,1,Completed,36.1,83.33,19.01
ORD-100848,2026-05-22,Noida,R-02,DRV-015,Bike,64.1,3,Medium,Clear,130.9,165.5,55.2,1.68,159.6,14,13,11,2,Completed,34.6,84.62,23.24
ORD-100849,2026-02-05,Faridabad,R-19,DRV-008,Mini Truck,14.2,9,Low,Cloudy,87.3,95.9,10.7,1.5,142.5,34,29,23,6,Partial,8.6,79.31,8.88
ORD-100850,2026-03-18,Gurugram,R-19,DRV-030,Truck,44.5,8,Low,Rain,132.3,139.7,17.5,8.61,817.95,29,28,25,3,Completed,7.4,89.29,19.11
ORD-100851,2026-01-20,Jaipur,R-06,DRV-016,Truck,52.8,6,High,Rain,132.5,233.3,38.9,8.98,853.1,41,38,31,7,Completed,100.8,81.58,13.58
ORD-100852,2026-05-28,Gurugram,R-02,DRV-024,Mini Truck,66.6,8,High,Cloudy,170.2,252.8,31.6,8.12,771.4,27,24,23,1,Partial,82.6,95.83,15.81
ORD-100853,2026-01-21,Delhi,R-12,DRV-029,Mini Truck,42.0,10,Medium,Cloudy,142.0,139.2,13.9,4.83,458.85,19,19,18,1,Completed,-2.8,94.74,18.1
ORD-100854,2026-01-31,Ghaziabad,R-13,DRV-002,Bike,46.3,9,Medium,Rain,142.4,168.8,18.8,1.16,110.2,40,38,38,0,Completed,26.4,100.0,16.46
ORD-100855,2026-01-11,Jaipur,R-11,DRV-017,Van,31.8,5,High,Clear,89.5,121.2,24.2,2.35,223.25,21,20,18,2,Completed,31.7,90.0,15.74
ORD-100856,2026-02-09,Delhi,R-15,DRV-025,Truck,24.0,9,High,Rain,104.1,168.3,18.7,4.42,419.9,34,30,28,2,Partial,64.2,93.33,8.56
ORD-100857,2026-05-10,Gurugram,R-14,DRV-010,Van,20.9,4,Medium,Clear,63.8,69.7,17.4,1.38,131.1,20,18,17,1,Completed,5.9,94.44,17.99
ORD-100858,2026-02-03,Jaipur,R-16,DRV-019,Bike,36.2,3,High,Clear,83.1,122.4,40.8,0.75,71.25,24,22,20,2,Completed,39.3,90.91,17.75
ORD-100859,2026-05-21,Lucknow,R-03,DRV-013,Mini Truck,61.7,9,High,Cloudy,168.8,218.5,24.3,8.05,764.75,26,24,23,1,Completed,49.7,95.83,16.94
ORD-100860,2026-06-28,Noida,R-16,DRV-018,Van,46.5,9,Low,Cloudy,142.7,176.3,19.6,3.25,308.75,22,20,19,1,Completed,33.6,95.0,15.83
ORD-100861,2026-04-12,Ghaziabad,R-08,DRV-003,Van,14.9,2,Medium,Cloudy,39.5,44.6,22.3,0.93,88.35,21,20,17,3,Completed,5.1,85.0,20.04
ORD-100862,2026-03-24,Gurugram,R-14,DRV-014,Bike,16.3,8,Medium,Cloudy,83.9,106.2,13.3,0.31,29.45,31,30,29,1,Completed,22.3,96.67,9.21
ORD-100863,2026-02-18,Jaipur,R-20,DRV-021,Mini Truck,63.9,14,Low,Cloudy,207.5,207.6,14.8,7.16,680.2,21,19,19,0,Completed,0.1,100.0,18.47
ORD-100864,2026-02-13,Jaipur,R-20,DRV-005,Truck,17.8,5,Medium,Clear,65.5,83.6,16.7,3.5,332.5,22,21,19,2,Completed,18.1,90.48,12.78
ORD-100865,2026-03-01,Ghaziabad,R-05,DRV-025,Mini Truck,69.0,8,High,Clear,174.3,254.6,31.8,9.29,882.55,29,27,25,2,Completed,80.3,92.59,16.26
ORD-100866,2026-01-29,Delhi,R-20,DRV-030,Van,35.4,15,Low,Cloudy,165.7,173.1,11.5,2.47,234.65,18,17,16,1,Completed,7.4,94.12,12.27
ORD-100867,2026-01-04,Jaipur,R-10,DRV-015,Bike,33.0,9,Medium,Clear,119.6,120.9,13.4,0.74,70.3,28,28,24,4,Completed,1.3,85.71,16.38
ORD-100868,2026-03-26,Ghaziabad,R-07,DRV-018,Van,19.0,5,High,Cloudy,67.6,83.9,16.8,1.5,142.5,37,35,34,1,Completed,16.3,97.14,13.59
ORD-100869,2026-05-21,Chandigarh,R-01,DRV-013,Van,44.4,7,High,Rain,125.1,184.1,26.3,3.09,293.55,12,11,9,2,Completed,59.0,81.82,14.47
ORD-100870,2026-05-15,Delhi,R-06,DRV-002,Mini Truck,55.4,8,Medium,Clear,151.0,171.4,21.4,5.73,544.35,25,24,20,4,Completed,20.4,83.33,19.39
ORD-100871,2026-06-28,Faridabad,R-15,DRV-021,Bike,43.6,8,Low,Clear,130.7,123.2,15.4,0.92,87.4,26,23,21,2,Partial,-7.5,91.3,21.23
ORD-100872,2026-04-10,Faridabad,R-04,DRV-001,Mini Truck,25.9,11,Medium,Rain,121.4,185.6,16.9,2.68,254.6,29,26,25,1,Partial,64.2,96.15,8.37
ORD-100873,2026-04-09,Ghaziabad,R-17,DRV-023,Truck,19.2,9,Low,Cloudy,95.9,91.9,10.2,3.43,325.85,16,15,12,3,Completed,-4.0,80.0,12.54
ORD-100874,2026-05-05,Gurugram,R-07,DRV-017,Van,51.9,6,Medium,Rain,131.0,167.2,27.9,3.75,356.25,18,17,17,0,Completed,36.2,100.0,18.62
ORD-100875,2026-01-06,Delhi,R-17,DRV-010,Van,28.0,11,Medium,Cloudy,125.0,165.8,15.1,1.87,177.65,13,12,10,2,Completed,40.8,83.33,10.13
ORD-100876,2026-04-11,Noida,R-12,DRV-022,Bike,75.6,8,Medium,Cloudy,185.6,205.7,25.7,1.53,145.35,33,30,27,3,Completed,20.1,90.0,22.05
ORD-100877,2026-06-10,Faridabad,R-17,DRV-009,Van,59.2,6,Low,Rain,143.5,160.1,26.7,4.22,400.9,30,28,25,3,Completed,16.6,89.29,22.19
ORD-100878,2026-03-07,Lucknow,R-18,DRV-009,Bike,43.1,6,Low,Clear,115.9,102.2,17.0,0.98,93.1,40,36,31,5,Completed,-13.7,86.11,25.3
ORD-100879,2026-03-29,Lucknow,R-03,DRV-024,Van,26.3,10,Medium,Rain,115.1,153.6,15.4,1.85,175.75,17,16,13,3,Completed,38.5,81.25,10.27
ORD-100880,2026-06-23,Ghaziabad,R-08,DRV-019,Truck,44.6,10,Low,Cloudy,146.5,135.8,13.6,7.11,675.45,37,33,32,1,Partial,-10.7,96.97,19.71
ORD-100881,2026-03-21,Jaipur,R-18,DRV-005,Truck,39.2,7,Low,Rain,116.2,134.7,19.2,6.62,628.9,26,24,19,5,Completed,18.5,79.17,17.46
ORD-100882,2026-02-05,Ghaziabad,R-10,DRV-023,Van,48.1,7,High,Rain,131.5,196.3,28.0,3.1,294.5,37,36,34,2,Completed,64.8,94.44,14.7
ORD-100883,2026-02-04,Lucknow,R-19,DRV-030,Van,36.5,2,Low,Cloudy,76.6,91.2,45.6,2.59,246.05,19,18,17,1,Completed,14.6,94.44,24.01
ORD-100884,2026-01-18,Gurugram,R-11,DRV-027,Van,41.6,11,Low,Rain,148.3,180.5,16.4,2.72,258.4,19,18,13,5,Completed,32.2,72.22,13.83
ORD-100885,2026-01-08,Jaipur,R-14,DRV-010,Truck,39.3,3,Medium,Rain,88.4,109.5,36.5,6.97,662.15,22,20,16,4,Completed,21.1,80.0,21.53
ORD-100886,2026-06-13,Faridabad,R-07,DRV-004,Van,83.3,13,Low,Clear,233.8,212.1,16.3,6.7,636.5,21,19,17,2,Completed,-21.7,89.47,23.56
ORD-100887,2026-01-07,Faridabad,R-20,DRV-008,Van,30.1,10,Low,Rain,121.6,137.6,13.8,2.07,196.65,14,12,9,3,Partial,16.0,75.0,13.13
ORD-100888,2026-01-07,Jaipur,R-16,DRV-005,Bike,42.2,4,High,Rain,100.3,148.4,37.1,1.04,98.8,34,31,28,3,Completed,48.1,90.32,17.06
ORD-100889,2026-05-01,Jaipur,R-13,DRV-016,Van,75.8,9,Medium,Clear,192.9,216.0,24.0,4.8,456.0,28,27,23,4,Completed,23.1,85.19,21.06
ORD-100890,2026-02-11,Ghaziabad,R-02,DRV-014,Van,47.2,6,Low,Cloudy,122.9,124.7,20.8,2.7,256.5,23,22,19,3,Completed,1.8,86.36,22.71
ORD-100891,2026-04-16,Ghaziabad,R-07,DRV-003,Van,42.9,5,Low,Cloudy,108.5,115.0,23.0,3.01,285.95,17,16,15,1,Completed,6.5,93.75,22.38
ORD-100892,2026-06-07,Chandigarh,R-15,DRV-029,Mini Truck,31.1,9,Low,Cloudy,116.3,124.9,13.9,3.63,344.85,11,10,8,2,Completed,8.6,80.0,14.94
ORD-100893,2026-04-14,Delhi,R-11,DRV-013,Truck,35.6,15,High,Rain,166.0,257.1,17.1,6.27,595.65,7,6,4,2,Partial,91.1,66.67,8.31
ORD-100894,2026-05-27,Delhi,R-15,DRV-015,Bike,23.9,7,Low,Clear,90.0,100.2,14.3,0.56,53.2,23,21,18,3,Completed,10.2,85.71,14.31
ORD-100895,2026-05-13,Lucknow,R-18,DRV-013,Bike,44.5,8,High,Rain,132.3,215.5,26.9,1.07,101.65,28,25,23,2,Partial,83.2,92.0,12.39
ORD-100896,2026-01-13,Ghaziabad,R-15,DRV-013,Mini Truck,40.3,4,Medium,Cloudy,97.1,111.3,27.8,4.51,428.45,32,29,24,5,Completed,14.2,82.76,21.73
ORD-100897,2026-04-29,Noida,R-10,DRV-020,Truck,43.0,8,Low,Rain,129.7,147.4,18.4,8.39,797.05,33,30,26,4,Completed,17.7,86.67,17.5
ORD-100898,2026-05-13,Noida,R-15,DRV-003,Truck,23.3,10,High,Rain,109.9,185.4,18.5,4.13,392.35,23,22,20,2,Completed,75.5,90.91,7.54
ORD-100899,2026-01-29,Noida,R-13,DRV-014,Van,49.9,4,Medium,Cloudy,113.5,141.7,35.4,3.3,313.5,15,13,11,2,Partial,28.2,84.62,21.13
ORD-100900,2026-01-07,Noida,R-19,DRV-029,Truck,38.0,3,High,Clear,86.1,125.2,41.7,7.53,715.35,9,8,6,2,Partial,39.1,75.0,18.21
ORD-100901,2026-04-27,Gurugram,R-11,DRV-023,Mini Truck,57.4,7,High,Rain,147.4,223.4,31.9,6.28,596.6,34,30,28,2,Partial,76.0,93.33,15.42
ORD-100902,2026-02-11,Gurugram,R-04,DRV-023,Bike,61.8,10,Medium,Rain,175.9,268.7,26.9,1.32,125.4,32,29,28,1,Completed,92.8,96.55,13.8
ORD-100903,2026-04-03,Gurugram,R-17,DRV-020,Truck,41.9,6,Low,Cloudy,113.8,129.5,21.6,7.32,695.4,13,11,10,1,Partial,15.7,90.91,19.41
ORD-100904,2026-05-21,Lucknow,R-06,DRV-030,Bike,67.1,8,Medium,Rain,171.0,243.5,30.4,1.33,126.35,21,19,17,2,Completed,72.5,89.47,16.53
ORD-100905,2026-06-18,Noida,R-05,DRV-006,Van,43.5,10,High,Clear,144.6,188.3,18.8,3.14,298.3,24,21,18,3,Partial,43.7,85.71,13.86
ORD-100906,2026-04-18,Faridabad,R-15,DRV-010,Mini Truck,39.4,7,High,Clear,116.5,157.7,22.5,4.4,418.0,21,20,16,4,Completed,41.2,80.0,14.99
ORD-100907,2026-01-31,Noida,R-01,DRV-020,Van,29.0,16,Medium,Clear,161.7,170.5,10.7,1.85,175.75,30,25,22,3,Partial,8.8,88.0,10.21
ORD-100908,2026-04-28,Chandigarh,R-18,DRV-026,Truck,80.6,3,Low,Rain,159.2,150.0,50.0,12.9,1225.5,32,31,27,4,Completed,-9.2,87.1,32.24
ORD-100909,2026-05-07,Ghaziabad,R-19,DRV-022,Van,54.3,12,Medium,Cloudy,177.1,239.8,20.0,3.8,361.0,6,5,4,1,Partial,62.7,80.0,13.59
ORD-100910,2026-04-15,Chandigarh,R-20,DRV-020,Bike,37.3,7,Low,Clear,112.9,123.0,17.6,0.91,86.45,23,22,20,2,Completed,10.1,90.91,18.2
ORD-100911,2026-05-21,Faridabad,R-02,DRV-006,Van,43.2,10,Low,Clear,144.1,144.9,14.5,3.59,341.05,13,11,9,2,Partial,0.8,81.82,17.89
ORD-100912,2026-06-17,Jaipur,R-05,DRV-028,Bike,49.9,11,Low,Rain,162.5,181.6,16.5,0.98,93.1,31,30,23,7,Completed,19.1,76.67,16.49
ORD-100913,2026-05-28,Faridabad,R-03,DRV-002,Mini Truck,41.9,3,Low,Cloudy,92.8,90.5,30.2,4.32,410.4,31,29,24,5,Completed,-2.3,82.76,27.78
ORD-100914,2026-02-15,Noida,R-20,DRV-022,Mini Truck,57.8,3,High,Rain,120.1,186.4,62.1,6.0,570.0,22,21,19,2,Completed,66.3,90.48,18.61
ORD-100915,2026-06-02,Noida,R-19,DRV-012,Truck,66.1,7,Low,Clear,162.3,166.3,23.8,11.6,1102.0,26,24,21,3,Completed,4.0,87.5,23.85
ORD-100916,2026-03-18,Jaipur,R-13,DRV-027,Mini Truck,9.5,8,Low,Cloudy,72.3,76.6,9.6,1.0,95.0,14,13,12,1,Completed,4.3,92.31,7.44
ORD-100917,2026-05-21,Gurugram,R-16,DRV-005,Mini Truck,37.9,4,Low,Rain,93.0,97.3,24.3,4.65,441.75,26,23,21,2,Partial,4.3,91.3,23.37
ORD-100918,2026-03-12,Jaipur,R-17,DRV-007,Truck,27.3,12,High,Clear,130.8,195.7,16.3,4.78,454.1,19,15,12,3,Partial,64.9,80.0,8.37
ORD-100919,2026-06-06,Delhi,R-19,DRV-024,Bike,17.9,8,High,Rain,86.7,127.7,16.0,0.35,33.25,22,21,19,2,Completed,41.0,90.48,8.41
ORD-100920,2026-01-23,Chandigarh,R-14,DRV-020,Mini Truck,7.8,7,Medium,Cloudy,62.4,65.7,9.4,0.93,88.35,31,28,24,4,Completed,3.3,85.71,7.12
ORD-100921,2026-05-15,Jaipur,R-20,DRV-019,Van,33.7,1,Medium,Rain,64.8,85.7,85.7,2.35,223.25,32,28,24,4,Partial,20.9,85.71,23.59
ORD-100922,2026-06-11,Chandigarh,R-06,DRV-029,Truck,14.9,4,High,Clear,53.5,65.4,16.4,2.92,277.4,19,17,15,2,Partial,11.9,88.24,13.67
ORD-100923,2026-03-16,Ghaziabad,R-04,DRV-001,Bike,19.1,7,Medium,Rain,81.7,110.3,15.8,0.38,36.1,31,28,24,4,Completed,28.6,85.71,10.39
ORD-100924,2026-01-31,Ghaziabad,R-14,DRV-002,Truck,51.6,6,Medium,Cloudy,130.5,155.0,25.8,9.15,869.25,26,21,16,5,Partial,24.5,76.19,19.97
ORD-100925,2026-05-24,Ghaziabad,R-07,DRV-023,Bike,53.1,11,Medium,Cloudy,168.0,184.5,16.8,1.16,110.2,27,26,20,6,Completed,16.5,76.92,17.27
ORD-100926,2026-01-18,Faridabad,R-17,DRV-018,Mini Truck,26.1,7,Medium,Clear,93.7,113.8,16.3,3.48,330.6,23,20,18,2,Partial,20.1,90.0,13.76
ORD-100927,2026-01-30,Jaipur,R-13,DRV-024,Mini Truck,65.8,8,High,Rain,168.8,236.7,29.6,7.87,747.65,30,26,24,2,Partial,67.9,92.31,16.68
ORD-100928,2026-01-08,Noida,R-11,DRV-027,Van,60.0,11,Medium,Rain,179.9,230.5,21.0,4.16,395.2,34,30,28,2,Partial,50.6,93.33,15.62
ORD-100929,2026-05-03,Chandigarh,R-05,DRV-016,Bike,17.3,11,Low,Rain,106.7,117.0,10.6,0.42,39.9,28,24,23,1,Partial,10.3,95.83,8.87
ORD-100930,2026-04-28,Jaipur,R-14,DRV-030,Truck,69.9,10,High,Clear,189.8,240.6,24.1,12.4,1178.0,26,23,23,0,Partial,50.8,100.0,17.43
ORD-100931,2026-05-14,Faridabad,R-18,DRV-018,Mini Truck,44.6,1,Low,Clear,83.5,85.8,85.8,4.82,457.9,24,22,21,1,Completed,2.3,95.45,31.19
ORD-100932,2026-05-28,Jaipur,R-03,DRV-005,Mini Truck,62.2,8,Medium,Clear,162.6,181.9,22.7,6.89,654.55,25,22,20,2,Partial,19.3,90.91,20.52
ORD-100933,2026-03-28,Lucknow,R-19,DRV-020,Van,50.3,12,Medium,Clear,170.2,215.4,17.9,3.4,323.0,31,27,25,2,Partial,45.2,92.59,14.01
ORD-100934,2026-06-02,Gurugram,R-11,DRV-023,Mini Truck,32.7,4,Low,Cloudy,84.1,88.6,22.1,2.86,271.7,10,9,8,1,Completed,4.5,88.89,22.14
ORD-100935,2026-04-16,Gurugram,R-08,DRV-012,Truck,35.4,3,Medium,Cloudy,81.7,90.4,30.1,6.64,630.8,29,27,26,1,Completed,8.7,96.3,23.5
ORD-100936,2026-02-25,Faridabad,R-04,DRV-012,Van,49.2,5,Low,Clear,119.3,116.6,23.3,3.12,296.4,24,23,21,2,Completed,-2.7,91.3,25.32
ORD-100937,2026-01-24,Chandigarh,R-16,DRV-029,Bike,67.2,7,High,Clear,164.2,245.5,35.1,1.47,139.65,36,33,31,2,Completed,81.3,93.94,16.42
ORD-100938,2026-02-18,Jaipur,R-17,DRV-010,Truck,68.6,7,Medium,Clear,166.6,194.9,27.8,13.76,1307.2,23,20,20,0,Partial,28.3,100.0,21.12
ORD-100939,2026-01-26,Noida,R-02,DRV-015,Van,33.5,8,Medium,Rain,113.4,159.6,19.9,2.28,216.6,16,15,12,3,Completed,46.2,80.0,12.59
ORD-100940,2026-05-14,Gurugram,R-10,DRV-030,Bike,36.8,8,Low,Rain,119.1,130.5,16.3,0.72,68.4,37,34,33,1,Completed,11.4,97.06,16.92
ORD-100941,2026-06-02,Gurugram,R-15,DRV-029,Mini Truck,37.3,5,Low,Clear,98.9,101.0,20.2,4.07,386.65,15,14,12,2,Completed,2.1,85.71,22.16
ORD-100942,2026-05-14,Faridabad,R-19,DRV-025,Bike,8.9,11,Medium,Rain,92.3,114.1,10.4,0.19,18.05,10,10,8,2,Completed,21.8,80.0,4.68
ORD-100943,2026-02-23,Jaipur,R-07,DRV-010,Van,43.1,10,Medium,Rain,143.9,191.6,19.2,3.06,290.7,11,9,8,1,Partial,47.7,88.89,13.5
ORD-100944,2026-03-23,Chandigarh,R-09,DRV-005,Bike,27.8,8,Low,Cloudy,103.7,112.6,14.1,0.67,63.65,15,15,14,1,Completed,8.9,93.33,14.81
ORD-100945,2026-01-30,Delhi,R-07,DRV-018,Bike,42.0,11,Medium,Rain,149.0,228.2,20.7,0.83,78.85,23,19,17,2,Partial,79.2,89.47,11.04
ORD-100946,2026-03-23,Faridabad,R-10,DRV-019,Van,48.6,7,Low,Clear,132.3,125.4,17.9,2.9,275.5,27,26,22,4,Completed,-6.9,84.62,23.25
ORD-100947,2026-01-19,Faridabad,R-18,DRV-015,Mini Truck,49.9,3,Low,Clear,106.5,110.4,36.8,5.37,510.15,18,16,14,2,Partial,3.9,87.5,27.12
ORD-100948,2026-01-08,Chandigarh,R-04,DRV-013,Bike,48.9,4,Low,Clear,111.8,108.2,27.1,1.08,102.6,16,16,13,3,Completed,-3.6,81.25,27.12
ORD-100949,2026-04-20,Lucknow,R-20,DRV-029,Van,30.0,5,High,Rain,86.4,149.4,29.9,2.24,212.8,17,16,14,2,Completed,63.0,87.5,12.05
ORD-100950,2026-06-26,Chandigarh,R-10,DRV-011,Mini Truck,46.6,6,Low,Rain,121.9,128.3,21.4,5.32,505.4,20,20,16,4,Completed,6.4,80.0,21.79
ORD-100951,2026-06-21,Gurugram,R-19,DRV-005,Truck,69.7,7,Low,Rain,168.5,193.2,27.6,13.52,1284.4,19,18,13,5,Completed,24.7,72.22,21.65
ORD-100952,2026-04-30,Gurugram,R-10,DRV-022,Truck,29.0,5,High,Rain,84.7,115.2,23.0,5.18,492.1,28,27,24,3,Completed,30.5,88.89,15.1
ORD-100953,2026-04-30,Chandigarh,R-08,DRV-005,Van,30.0,9,High,Cloudy,114.4,160.7,17.9,2.3,218.5,31,29,24,5,Completed,46.3,82.76,11.2
ORD-100954,2026-04-04,Lucknow,R-11,DRV-026,Van,30.2,6,Medium,Cloudy,93.8,108.3,18.1,2.2,209.0,30,28,25,3,Completed,14.5,89.29,16.73
ORD-100955,2026-05-05,Delhi,R-16,DRV-004,Bike,44.6,6,Medium,Cloudy,118.5,130.0,21.7,0.85,80.75,19,18,15,3,Completed,11.5,83.33,20.58
ORD-100956,2026-04-29,Noida,R-12,DRV-020,Mini Truck,37.7,9,High,Clear,127.6,179.4,19.9,3.83,363.85,32,31,26,5,Completed,51.8,83.87,12.61
ORD-100957,2026-05-11,Gurugram,R-04,DRV-011,Truck,27.2,11,High,Rain,123.6,184.7,16.8,4.07,386.65,13,12,10,2,Completed,61.1,83.33,8.84
ORD-100958,2026-01-19,Faridabad,R-13,DRV-019,Truck,34.6,8,Medium,Clear,115.3,148.1,18.5,6.14,583.3,33,32,31,1,Completed,32.8,96.88,14.02
ORD-100959,2026-06-08,Ghaziabad,R-16,DRV-013,Van,47.1,2,Low,Cloudy,94.7,101.1,50.5,3.65,346.75,24,24,23,1,Completed,6.4,95.83,27.95
ORD-100960,2026-02-23,Lucknow,R-19,DRV-026,Truck,52.2,11,Medium,Rain,166.5,220.2,20.0,7.6,722.0,21,20,17,3,Completed,53.7,85.0,14.22
ORD-100961,2026-06-27,Ghaziabad,R-03,DRV-024,Van,38.0,4,High,Rain,93.1,160.9,40.2,3.08,292.6,17,16,13,3,Completed,67.8,81.25,14.17
ORD-100962,2026-05-05,Gurugram,R-11,DRV-018,Truck,53.1,9,Low,Cloudy,154.0,168.9,18.8,9.91,941.45,48,43,34,9,Partial,14.9,79.07,18.86
ORD-100963,2026-02-15,Faridabad,R-03,DRV-020,Truck,34.9,3,Low,Rain,80.8,79.7,26.6,5.84,554.8,17,15,14,1,Partial,-1.1,93.33,26.27
ORD-100964,2026-06-02,Lucknow,R-16,DRV-021,Mini Truck,32.9,7,High,Clear,105.4,152.5,21.8,3.43,325.85,22,21,16,5,Completed,47.1,76.19,12.94
ORD-100965,2026-01-24,Ghaziabad,R-19,DRV-029,Van,3.0,9,High,Clear,68.1,95.6,10.6,0.25,23.75,26,25,22,3,Completed,27.5,88.0,1.88
ORD-100966,2026-02-07,Noida,R-18,DRV-010,Truck,47.4,13,Medium,Rain,172.3,184.2,14.2,8.9,845.5,42,39,39,0,Completed,11.9,100.0,15.44
ORD-100967,2026-05-28,Chandigarh,R-07,DRV-022,Van,30.7,7,Medium,Cloudy,101.6,120.7,17.2,1.8,171.0,15,13,12,1,Partial,19.1,92.31,15.26
ORD-100968,2026-05-26,Faridabad,R-12,DRV-003,Truck,57.7,8,High,Clear,154.9,222.9,27.9,10.35,983.25,34,31,28,3,Completed,68.0,90.32,15.53
ORD-100969,2026-06-06,Lucknow,R-10,DRV-002,Van,37.2,10,Medium,Rain,133.8,166.5,16.6,2.86,271.7,15,13,12,1,Partial,32.7,92.31,13.41
ORD-100970,2026-01-14,Delhi,R-04,DRV-028,Mini Truck,40.4,6,Medium,Clear,111.3,137.1,22.8,4.27,405.65,23,22,22,0,Completed,25.8,100.0,17.68
ORD-100971,2026-03-02,Lucknow,R-11,DRV-023,Truck,70.3,7,Medium,Cloudy,169.5,220.5,31.5,11.81,1121.95,17,14,14,0,Partial,51.0,100.0,19.13
ORD-100972,2026-04-08,Lucknow,R-06,DRV-016,Van,26.4,7,Low,Clear,94.3,87.4,12.5,1.99,189.05,21,18,16,2,Partial,-6.9,88.89,18.12
ORD-100973,2026-05-23,Lucknow,R-14,DRV-005,Mini Truck,16.2,5,Medium,Rain,62.8,67.3,13.5,1.59,151.05,26,22,18,4,Partial,4.5,81.82,14.44
ORD-100974,2026-02-02,Noida,R-03,DRV-021,Bike,42.0,6,Low,Clear,114.0,132.2,22.0,1.07,101.65,18,17,16,1,Completed,18.2,94.12,19.06
ORD-100975,2026-05-05,Lucknow,R-03,DRV-005,Van,31.2,3,High,Cloudy,74.5,103.5,34.5,2.2,209.0,21,20,17,3,Completed,29.0,85.0,18.09
ORD-100976,2026-04-27,Lucknow,R-15,DRV-017,Van,21.3,8,Medium,Rain,92.5,122.8,15.3,1.38,131.1,32,27,23,4,Partial,30.3,85.19,10.41
ORD-100977,2026-04-26,Lucknow,R-08,DRV-006,Mini Truck,37.4,6,Medium,Rain,106.1,130.5,21.8,4.78,454.1,18,18,16,2,Completed,24.4,88.89,17.2
ORD-100978,2026-01-02,Chandigarh,R-17,DRV-009,Van,43.7,9,Medium,Rain,137.9,213.6,23.7,2.87,272.65,16,14,12,2,Partial,75.7,85.71,12.28
ORD-100979,2026-05-28,Jaipur,R-02,DRV-019,Bike,10.9,8,Medium,Rain,74.7,109.2,13.7,0.25,23.75,22,20,19,1,Completed,34.5,95.0,5.99
ORD-100980,2026-04-05,Gurugram,R-03,DRV-005,Truck,27.1,13,High,Rain,137.5,240.1,18.5,5.03,477.85,24,23,22,1,Completed,102.6,95.65,6.77
ORD-100981,2026-05-15,Faridabad,R-17,DRV-003,Truck,27.5,6,High,Rain,89.1,120.5,20.1,5.16,490.2,30,26,22,4,Partial,31.4,84.62,13.69
ORD-100982,2026-01-23,Ghaziabad,R-03,DRV-022,Truck,17.7,5,High,Rain,65.3,103.1,20.6,3.03,287.85,22,19,17,2,Partial,37.8,89.47,10.3
ORD-100983,2026-05-29,Faridabad,R-11,DRV-018,Bike,41.2,5,Low,Cloudy,105.6,107.1,21.4,0.93,88.35,18,15,15,0,Partial,1.5,100.0,23.08
ORD-100984,2026-04-27,Chandigarh,R-14,DRV-012,Mini Truck,30.6,7,Medium,Cloudy,101.5,129.9,18.6,4.36,414.2,15,14,12,2,Completed,28.4,85.71,14.13
ORD-100985,2026-02-12,Delhi,R-19,DRV-009,Mini Truck,32.3,5,Low,Rain,90.4,92.1,18.4,3.58,340.1,13,12,10,2,Completed,1.7,83.33,21.04
ORD-100986,2026-05-02,Noida,R-10,DRV-026,Bike,49.6,6,High,Rain,127.0,186.4,31.1,1.13,107.35,15,13,11,2,Partial,59.4,84.62,15.97
ORD-100987,2026-01-07,Faridabad,R-03,DRV-005,Truck,26.0,1,High,Clear,51.6,77.1,77.1,4.47,424.65,34,33,27,6,Completed,25.5,81.82,20.23
ORD-100988,2026-03-13,Faridabad,R-20,DRV-009,Van,22.4,15,Medium,Cloudy,143.4,193.6,12.9,1.6,152.0,27,24,22,2,Partial,50.2,91.67,6.94
ORD-100989,2026-01-04,Gurugram,R-19,DRV-024,Van,29.1,1,Low,Rain,56.9,57.0,57.0,2.08,197.6,15,14,11,3,Completed,0.1,78.57,30.63
ORD-100990,2026-04-25,Jaipur,R-09,DRV-026,Van,27.9,10,High,Clear,117.8,162.2,16.2,1.99,189.05,32,30,29,1,Completed,44.4,96.67,10.32
ORD-100991,2026-05-05,Noida,R-11,DRV-003,Bike,33.7,6,Low,Rain,99.8,100.1,16.7,0.72,68.4,32,31,29,2,Completed,0.3,93.55,20.2
ORD-100992,2026-02-09,Chandigarh,R-13,DRV-008,Truck,9.7,11,High,Cloudy,93.6,111.0,10.1,1.89,179.55,22,21,17,4,Completed,17.4,80.95,5.24
ORD-100993,2026-06-13,Noida,R-19,DRV-024,Van,63.1,3,Medium,Clear,129.2,140.6,46.9,4.15,394.25,10,9,9,0,Completed,11.4,100.0,26.93
ORD-100994,2026-06-14,Faridabad,R-02,DRV-006,Bike,90.0,8,Medium,Cloudy,210.3,271.4,33.9,2.04,193.8,28,25,23,2,Partial,61.1,92.0,19.9
ORD-100995,2026-05-02,Faridabad,R-18,DRV-008,Truck,51.7,6,Medium,Rain,130.6,167.2,27.9,9.36,889.2,31,27,24,3,Partial,36.6,88.89,18.55
ORD-100996,2026-06-30,Lucknow,R-09,DRV-005,Truck,76.4,11,High,Cloudy,208.0,320.4,29.1,13.92,1322.4,27,26,26,0,Completed,112.4,100.0,14.31
ORD-100997,2026-01-04,Faridabad,R-13,DRV-022,Truck,6.9,4,Medium,Rain,39.8,56.6,14.2,1.23,116.85,19,16,14,2,Partial,16.8,87.5,7.31
ORD-100998,2026-06-24,Delhi,R-18,DRV-021,Bike,16.8,14,Medium,Cloudy,126.8,149.9,10.7,0.37,35.15,29,28,27,1,Completed,23.1,96.43,6.72
ORD-100999,2026-06-06,Faridabad,R-09,DRV-009,Mini Truck,61.3,6,Low,Cloudy,147.1,147.9,24.7,7.23,686.85,20,18,16,2,Completed,0.8,88.89,24.87
ORD-101000,2026-06-17,Lucknow,R-08,DRV-024,Truck,56.1,2,High,Rain,110.2,176.1,88.0,10.01,950.95,30,29,29,0,Completed,65.9,100.0,19.11
ORD-101001,2026-02-19,Jaipur,R-11,DRV-018,Van,66.4,12,Low,Rain,197.8,247.1,20.6,4.85,460.75,25,24,22,2,Completed,49.3,91.67,16.12
ORD-101002,2026-01-03,Gurugram,R-14,DRV-004,Bike,36.4,9,High,Clear,125.4,168.8,18.8,0.75,71.25,35,32,32,0,Completed,43.4,100.0,12.94
ORD-101003,2026-06-25,Chandigarh,R-08,DRV-024,Mini Truck,12.7,6,Medium,Cloudy,63.8,75.8,12.6,1.54,146.3,28,26,21,5,Completed,12.0,80.77,10.05
ORD-101004,2026-02-19,Delhi,R-20,DRV-003,Bike,21.2,8,Low,Rain,92.3,92.1,11.5,0.45,42.75,29,26,26,0,Partial,-0.2,100.0,13.81
ORD-101005,2026-06-18,Ghaziabad,R-04,DRV-003,Bike,64.0,3,High,Clear,130.7,163.3,54.4,1.16,110.2,18,17,15,2,Completed,32.6,88.24,23.52
ORD-101006,2026-04-07,Noida,R-06,DRV-009,Bike,50.3,3,Medium,Cloudy,107.2,135.1,45.0,1.07,101.65,25,23,19,4,Completed,27.9,82.61,22.34
ORD-101007,2026-06-19,Gurugram,R-09,DRV-025,Truck,21.2,10,Medium,Rain,106.3,141.3,14.1,4.18,397.1,27,25,20,5,Completed,35.0,80.0,9.0
ORD-101008,2026-06-20,Jaipur,R-06,DRV-025,Mini Truck,37.1,7,Low,Cloudy,112.6,134.1,19.2,4.35,413.25,37,35,30,5,Completed,21.5,85.71,16.6
ORD-101009,2026-01-16,Lucknow,R-11,DRV-002,Truck,44.1,8,Medium,Cloudy,131.6,144.2,18.0,7.77,738.15,23,23,18,5,Completed,12.6,78.26,18.35
ORD-101010,2026-02-15,Chandigarh,R-16,DRV-030,Bike,63.7,5,Low,Rain,144.2,143.8,28.8,1.55,147.25,30,29,27,2,Completed,-0.4,93.1,26.58
ORD-101011,2026-04-11,Noida,R-04,DRV-005,Truck,79.1,9,High,Cloudy,198.6,272.7,30.3,14.78,1404.1,34,30,26,4,Partial,74.1,86.67,17.4
ORD-101012,2026-02-25,Gurugram,R-09,DRV-004,Truck,36.4,1,Low,Clear,69.4,70.2,70.2,5.62,533.9,25,24,21,3,Completed,0.8,87.5,31.11
ORD-101013,2026-01-19,Faridabad,R-01,DRV-029,Truck,72.2,3,Medium,Clear,144.8,182.4,60.8,13.84,1314.8,11,11,9,2,Completed,37.6,81.82,23.75
ORD-101014,2026-06-17,Delhi,R-13,DRV-009,Bike,26.2,3,Low,Rain,65.9,72.5,24.2,0.58,55.1,25,23,21,2,Completed,6.6,91.3,21.68
ORD-101015,2026-03-26,Lucknow,R-17,DRV-023,Bike,35.0,2,Medium,Cloudy,74.0,86.6,43.3,0.63,59.85,27,24,22,2,Partial,12.6,91.67,24.25
ORD-101016,2026-04-22,Lucknow,R-18,DRV-008,Bike,65.7,5,Low,Cloudy,147.6,164.9,33.0,1.41,133.95,39,36,30,6,Completed,17.3,83.33,23.91
ORD-101017,2026-06-26,Chandigarh,R-19,DRV-018,Bike,54.4,6,Medium,Cloudy,135.3,149.5,24.9,1.16,110.2,24,23,18,5,Completed,14.2,78.26,21.83
ORD-101018,2026-06-24,Faridabad,R-02,DRV-021,Truck,42.4,9,High,Clear,135.7,186.0,20.7,8.52,809.4,24,22,20,2,Completed,50.3,90.91,13.68
ORD-101019,2026-04-04,Jaipur,R-15,DRV-025,Bike,43.8,6,Medium,Rain,117.1,157.1,26.2,0.92,87.4,20,18,17,1,Completed,40.0,94.44,16.73
ORD-101020,2026-02-21,Noida,R-13,DRV-022,Bike,3.0,9,Low,Cloudy,68.1,70.3,8.0,0.06,5.7,27,25,23,2,Completed,2.2,92.0,2.56
ORD-101021,2026-06-28,Lucknow,R-12,DRV-016,Bike,3.0,12,Low,Rain,89.1,93.9,8.0,0.07,6.65,30,27,25,2,Completed,4.8,92.59,1.92
ORD-101022,2026-04-23,Ghaziabad,R-02,DRV-007,Van,35.1,1,Low,Rain,67.2,82.3,82.3,2.35,223.25,18,16,14,2,Partial,15.1,87.5,25.59
ORD-101023,2026-06-01,Ghaziabad,R-13,DRV-003,Truck,41.0,9,High,Rain,133.3,180.0,20.0,7.01,665.95,24,24,21,3,Completed,46.7,87.5,13.67
ORD-101024,2026-03-20,Chandigarh,R-01,DRV-002,Truck,61.5,8,Medium,Clear,161.4,178.4,22.3,10.96,1041.2,23,22,21,1,Completed,17.0,95.45,20.68
ORD-101025,2026-03-28,Delhi,R-04,DRV-007,Truck,48.5,11,High,Rain,160.1,223.4,20.3,8.53,810.35,19,18,15,3,Completed,63.3,83.33,13.03
ORD-101026,2026-05-14,Chandigarh,R-19,DRV-008,Van,55.1,5,Low,Clear,129.5,129.9,26.0,4.15,394.25,8,8,7,1,Completed,0.4,87.5,25.45
ORD-101027,2026-02-06,Chandigarh,R-16,DRV-030,Bike,5.5,8,High,Clear,65.4,88.5,11.1,0.12,11.4,32,31,28,3,Completed,23.1,90.32,3.73
ORD-101028,2026-03-04,Noida,R-06,DRV-021,Bike,50.1,7,Low,Cloudy,134.9,158.7,22.7,0.98,93.1,26,24,23,1,Completed,23.8,95.83,18.94
ORD-101029,2026-01-25,Chandigarh,R-19,DRV-003,Van,26.8,2,Low,Clear,59.9,60.7,30.4,1.96,186.2,36,32,31,1,Partial,0.8,96.88,26.49
ORD-101030,2026-05-08,Ghaziabad,R-07,DRV-014,Bike,84.6,6,Medium,Rain,187.0,216.0,36.0,1.82,172.9,25,24,20,4,Completed,29.0,83.33,23.5
ORD-101031,2026-06-23,Lucknow,R-04,DRV-022,Mini Truck,70.0,4,High,Rain,148.0,192.6,48.1,8.47,804.65,6,5,5,0,Partial,44.6,100.0,21.81
ORD-101032,2026-02-05,Jaipur,R-02,DRV-019,Van,41.8,4,Low,Cloudy,99.7,102.2,25.6,2.97,282.15,26,25,21,4,Completed,2.5,84.0,24.54
ORD-101033,2026-01-17,Gurugram,R-05,DRV-025,Mini Truck,72.4,8,Medium,Clear,180.1,219.2,27.4,7.64,725.8,35,32,29,3,Completed,39.1,90.62,19.82
ORD-101034,2026-06-28,Jaipur,R-15,DRV-008,Van,25.2,5,High,Clear,78.2,111.4,22.3,1.74,165.3,18,16,15,1,Partial,33.2,93.75,13.57
ORD-101035,2026-02-04,Gurugram,R-06,DRV-001,Truck,30.7,7,Medium,Clear,101.6,117.0,16.7,4.73,449.35,13,12,10,2,Completed,15.4,83.33,15.74
ORD-101036,2026-01-02,Delhi,R-03,DRV-023,Van,61.0,10,High,Rain,174.6,279.2,27.9,4.99,474.05,24,23,20,3,Completed,104.6,86.96,13.11
ORD-101037,2026-03-14,Lucknow,R-05,DRV-007,Truck,86.1,13,Low,Rain,238.6,267.5,20.6,16.14,1533.3,35,32,27,5,Completed,28.9,84.38,19.31
ORD-101038,2026-03-11,Chandigarh,R-08,DRV-006,Truck,57.7,8,High,Rain,154.9,237.6,29.7,9.79,930.05,11,10,9,1,Completed,82.7,90.0,14.57
ORD-101039,2026-01-10,Noida,R-20,DRV-003,Truck,37.9,12,High,Cloudy,149.0,195.5,16.3,6.31,599.45,24,22,21,1,Completed,46.5,95.45,11.63
ORD-101040,2026-03-31,Lucknow,R-18,DRV-008,Bike,28.1,12,Low,Clear,132.2,153.0,12.8,0.62,58.9,34,30,29,1,Partial,20.8,96.67,11.02
ORD-101041,2026-05-16,Gurugram,R-18,DRV-017,Mini Truck,60.9,10,Low,Cloudy,174.4,179.4,17.9,5.17,491.15,19,17,14,3,Partial,5.0,82.35,20.37
ORD-101042,2026-06-10,Ghaziabad,R-02,DRV-007,Mini Truck,44.2,6,Low,Clear,117.8,110.0,18.3,4.5,427.5,19,18,15,3,Completed,-7.8,83.33,24.11
ORD-101043,2026-06-25,Chandigarh,R-06,DRV-006,Truck,32.7,6,High,Clear,98.1,136.0,22.7,6.16,585.2,1,0,0,0,Partial,37.9,0.0,14.43
ORD-101044,2026-01-14,Jaipur,R-07,DRV-014,Mini Truck,23.1,5,Medium,Cloudy,74.6,85.2,17.0,2.41,228.95,26,22,18,4,Partial,10.6,81.82,16.27
ORD-101045,2026-06-07,Chandigarh,R-04,DRV-024,Bike,69.7,5,Low,Rain,154.5,190.3,38.1,1.59,151.05,10,9,8,1,Completed,35.8,88.89,21.98
ORD-101046,2026-02-15,Noida,R-16,DRV-017,Bike,33.8,8,Low,Clear,113.9,118.2,14.8,0.79,75.05,34,32,26,6,Completed,4.3,81.25,17.16
ORD-101047,2026-03-02,Chandigarh,R-14,DRV-007,Mini Truck,33.5,16,High,Rain,169.4,271.0,16.9,4.43,420.85,36,34,31,3,Completed,101.6,91.18,7.42
ORD-101048,2026-03-25,Ghaziabad,R-11,DRV-008,Bike,41.3,2,Low,Clear,84.8,84.9,42.5,1.01,95.95,20,19,18,1,Completed,0.1,94.74,29.19
ORD-101049,2026-04-16,Ghaziabad,R-08,DRV-003,Truck,25.6,6,Medium,Rain,85.9,101.6,16.9,4.35,413.25,14,12,11,1,Partial,15.7,91.67,15.12
ORD-101050,2026-05-05,Delhi,R-05,DRV-007,Truck,25.5,8,High,Cloudy,99.7,133.1,16.6,5.07,481.65,35,34,31,3,Completed,33.4,91.18,11.5
ORD-101051,2026-02-15,Lucknow,R-05,DRV-015,Mini Truck,37.8,4,High,Clear,92.8,144.8,36.2,3.94,374.3,30,29,25,4,Completed,52.0,86.21,15.66
ORD-101052,2026-06-11,Jaipur,R-07,DRV-011,Mini Truck,60.7,10,Low,Clear,174.1,198.2,19.8,6.49,616.55,14,12,11,1,Partial,24.1,91.67,18.38
ORD-101053,2026-06-27,Delhi,R-05,DRV-004,Mini Truck,43.0,6,Medium,Cloudy,115.7,116.1,19.3,4.96,471.2,40,38,35,3,Completed,0.4,92.11,22.22
ORD-101054,2026-04-18,Noida,R-08,DRV-029,Mini Truck,52.3,9,Medium,Rain,152.7,211.3,23.5,5.99,569.05,22,19,17,2,Partial,58.6,89.47,14.85
ORD-101055,2026-02-10,Noida,R-03,DRV-014,Van,47.7,7,High,Cloudy,130.8,186.5,26.6,3.53,335.35,31,30,27,3,Completed,55.7,90.0,15.35
ORD-101056,2026-02-25,Chandigarh,R-09,DRV-001,Truck,18.5,6,High,Cloudy,73.7,102.8,17.1,2.87,272.65,36,34,31,3,Completed,29.1,91.18,10.8
ORD-101057,2026-03-05,Ghaziabad,R-14,DRV-019,Mini Truck,66.6,6,Low,Rain,156.2,183.0,30.5,7.33,696.35,23,20,20,0,Partial,26.8,100.0,21.84
ORD-101058,2026-02-08,Delhi,R-02,DRV-002,Truck,35.2,10,Medium,Rain,130.3,142.7,14.3,7.0,665.0,33,31,27,4,Completed,12.4,87.1,14.8
ORD-101059,2026-05-10,Delhi,R-17,DRV-013,Truck,49.2,14,Medium,Rain,182.3,201.7,14.4,9.51,903.45,17,15,13,2,Partial,19.4,86.67,14.64
ORD-101060,2026-01-26,Chandigarh,R-08,DRV-003,Truck,34.3,7,High,Clear,107.8,132.3,18.9,6.75,641.25,10,9,8,1,Completed,24.5,88.89,15.56
ORD-101061,2026-06-27,Lucknow,R-05,DRV-012,Van,20.9,8,Medium,Clear,91.8,92.4,11.6,1.5,142.5,13,12,10,2,Completed,0.6,83.33,13.57
ORD-101062,2026-06-15,Gurugram,R-16,DRV-022,Bike,33.9,8,Medium,Clear,114.1,123.1,15.4,0.75,71.25,12,11,11,0,Completed,9.0,100.0,16.52
ORD-101063,2026-06-30,Chandigarh,R-15,DRV-015,Bike,92.3,8,Low,Rain,214.2,255.0,31.9,1.76,167.2,37,35,30,5,Completed,40.8,85.71,21.72
ORD-101064,2026-04-14,Noida,R-15,DRV-023,Mini Truck,64.3,7,High,Clear,159.2,207.0,29.6,7.42,704.9,16,15,12,3,Completed,47.8,80.0,18.64
ORD-101065,2026-06-10,Gurugram,R-11,DRV-017,Truck,23.1,5,Low,Cloudy,74.6,81.5,16.3,3.99,379.05,14,12,10,2,Partial,6.9,83.33,17.01
ORD-101066,2026-04-20,Faridabad,R-03,DRV-020,Van,20.7,4,Medium,Rain,63.5,95.6,23.9,1.38,131.1,22,20,17,3,Completed,32.1,85.0,12.99
ORD-101067,2026-01-15,Jaipur,R-04,DRV-013,Bike,53.2,10,Medium,Cloudy,161.2,186.3,18.6,1.07,101.65,35,32,32,0,Completed,25.1,100.0,17.13
ORD-101068,2026-06-08,Delhi,R-12,DRV-006,Mini Truck,3.0,8,High,Rain,61.1,106.6,13.3,0.32,30.4,23,21,18,3,Completed,45.5,85.71,1.69
ORD-101069,2026-06-30,Gurugram,R-05,DRV-011,Van,36.4,6,Low,Rain,104.4,111.1,18.5,2.86,271.7,28,26,24,2,Completed,6.7,92.31,19.66
ORD-101070,2026-01-30,Chandigarh,R-08,DRV-011,Van,37.2,5,Medium,Cloudy,98.8,111.4,22.3,2.66,252.7,16,14,12,2,Partial,12.6,85.71,20.04
ORD-101071,2026-05-09,Lucknow,R-02,DRV-003,Mini Truck,80.2,1,Medium,Cloudy,144.5,168.7,168.7,10.14,963.3,25,24,21,3,Completed,24.2,87.5,28.52
ORD-101072,2026-04-26,Chandigarh,R-16,DRV-023,Bike,30.0,1,High,Rain,58.4,89.8,89.8,0.63,59.85,18,16,16,0,Partial,31.4,100.0,20.04
ORD-101073,2026-05-17,Faridabad,R-20,DRV-012,Truck,85.3,8,High,Rain,202.2,294.4,36.8,14.05,1334.75,28,28,25,3,Completed,92.2,89.29,17.38
ORD-101074,2026-01-17,Ghaziabad,R-03,DRV-003,Truck,3.0,10,Medium,Clear,75.1,93.2,9.3,0.48,45.6,26,24,21,3,Completed,18.1,87.5,1.93
ORD-101075,2026-03-15,Gurugram,R-06,DRV-009,Bike,27.8,11,Low,Rain,124.7,135.2,12.3,0.54,51.3,8,7,6,1,Partial,10.5,85.71,12.34
ORD-101076,2026-02-07,Chandigarh,R-07,DRV-017,Van,43.6,6,High,Clear,116.7,150.9,25.2,2.85,270.75,21,17,14,3,Partial,34.2,82.35,17.34
ORD-101077,2026-03-17,Lucknow,R-16,DRV-012,Van,36.4,9,Medium,Cloudy,125.4,148.1,16.5,2.77,263.15,35,34,31,3,Completed,22.7,91.18,14.75
ORD-101078,2026-06-15,Delhi,R-07,DRV-003,Mini Truck,42.2,5,Low,Clear,107.3,113.7,22.7,5.32,505.4,27,27,22,5,Completed,6.4,81.48,22.27
ORD-101079,2026-05-14,Jaipur,R-19,DRV-011,Truck,21.2,10,High,Rain,106.3,164.1,16.4,4.26,404.7,24,21,18,3,Partial,57.8,85.71,7.75
ORD-101080,2026-03-25,Chandigarh,R-15,DRV-010,Truck,14.4,4,High,Clear,52.7,76.7,19.2,2.8,266.0,27,23,20,3,Partial,24.0,86.96,11.26
ORD-101081,2026-03-20,Noida,R-08,DRV-016,Mini Truck,20.0,11,Medium,Cloudy,111.3,125.7,11.4,2.03,192.85,25,22,21,1,Partial,14.4,95.45,9.55
ORD-101082,2026-01-13,Noida,R-10,DRV-015,Mini Truck,28.8,3,Low,Rain,70.4,65.3,21.8,3.19,303.05,20,17,16,1,Partial,-5.1,94.12,26.46
ORD-101083,2026-02-11,Faridabad,R-06,DRV-027,Van,54.0,7,High,Rain,141.6,237.5,33.9,4.06,385.7,18,16,15,1,Partial,95.9,93.75,13.64
ORD-101084,2026-06-20,Noida,R-08,DRV-004,Van,49.1,8,Low,Cloudy,140.2,134.6,16.8,3.68,349.6,18,16,15,1,Partial,-5.6,93.75,21.89
ORD-101085,2026-05-28,Noida,R-09,DRV-012,Truck,30.1,3,Low,Clear,72.6,66.5,22.2,5.91,561.45,27,25,21,4,Completed,-6.1,84.0,27.16
ORD-101086,2026-05-24,Delhi,R-12,DRV-005,Mini Truck,50.7,5,Medium,Cloudy,121.9,147.9,29.6,5.3,503.5,17,15,13,2,Partial,26.0,86.67,20.57
ORD-101087,2026-05-19,Noida,R-04,DRV-030,Mini Truck,41.1,8,Low,Cloudy,126.5,91.8,11.5,4.27,405.65,21,21,17,4,Completed,-34.7,80.95,26.86
ORD-101088,2026-05-08,Noida,R-11,DRV-005,Truck,44.9,12,Low,Rain,161.0,161.4,13.5,8.42,799.9,18,16,13,3,Partial,0.4,81.25,16.69
ORD-101089,2026-05-20,Jaipur,R-16,DRV-029,Mini Truck,28.8,16,Medium,Rain,161.4,221.9,13.9,3.48,330.6,28,24,22,2,Partial,60.5,91.67,7.79
ORD-101090,2026-06-20,Noida,R-11,DRV-023,Truck,61.3,5,Low,Rain,140.1,169.0,33.8,11.77,1118.15,39,36,30,6,Completed,28.9,83.33,21.76
ORD-101091,2026-05-03,Delhi,R-18,DRV-004,Van,35.5,12,Medium,Clear,144.9,142.3,11.9,2.12,201.4,25,23,20,3,Completed,-2.6,86.96,14.97
ORD-101092,2026-04-13,Ghaziabad,R-12,DRV-003,Truck,59.0,6,Medium,Clear,143.1,139.9,23.3,12.48,1185.6,17,15,14,1,Partial,-3.2,93.33,25.3
ORD-101093,2026-06-05,Ghaziabad,R-09,DRV-007,Van,35.1,7,Low,Clear,109.2,113.4,16.2,2.72,258.4,22,22,17,5,Completed,4.2,77.27,18.57
ORD-101094,2026-05-18,Chandigarh,R-17,DRV-013,Bike,55.7,5,Low,Cloudy,130.5,149.2,29.8,1.25,118.75,19,18,17,1,Completed,18.7,94.44,22.4
ORD-101095,2026-03-23,Delhi,R-13,DRV-005,Mini Truck,53.6,4,High,Cloudy,119.9,160.3,40.1,5.95,565.25,24,23,18,5,Completed,40.4,78.26,20.06
ORD-101096,2026-04-05,Lucknow,R-01,DRV-010,Mini Truck,48.0,7,Medium,Cloudy,131.3,145.1,20.7,5.02,476.9,23,18,15,3,Partial,13.8,83.33,19.85
ORD-101097,2026-03-20,Chandigarh,R-07,DRV-024,Bike,26.2,9,Medium,Rain,107.9,130.0,14.4,0.57,54.15,37,36,34,2,Completed,22.1,94.44,12.09
ORD-101098,2026-04-17,Chandigarh,R-06,DRV-026,Mini Truck,33.0,9,High,Cloudy,119.6,163.2,18.1,3.61,342.95,28,25,24,1,Partial,43.6,96.0,12.13
ORD-101099,2026-04-17,Noida,R-05,DRV-007,Bike,39.1,9,Medium,Cloudy,130.0,171.9,19.1,0.94,89.3,13,12,11,1,Completed,41.9,91.67,13.65
ORD-101100,2026-05-15,Jaipur,R-19,DRV-025,Bike,58.1,4,Medium,Clear,127.6,139.0,34.8,1.39,132.05,18,16,16,0,Partial,11.4,100.0,25.08
ORD-101101,2026-01-02,Lucknow,R-14,DRV-006,Mini Truck,41.1,5,High,Cloudy,105.5,136.4,27.3,4.69,445.55,14,13,12,1,Completed,30.9,92.31,18.08
ORD-101102,2026-05-26,Noida,R-06,DRV-027,Van,65.4,10,Medium,Cloudy,182.1,203.4,20.3,5.11,485.45,22,19,17,2,Partial,21.3,89.47,19.29
ORD-101103,2026-05-22,Chandigarh,R-10,DRV-027,Bike,67.9,8,High,Cloudy,172.4,240.0,30.0,1.71,162.45,13,11,8,3,Partial,67.6,72.73,16.98
ORD-101104,2026-05-07,Chandigarh,R-01,DRV-026,Van,48.7,8,Low,Clear,139.5,156.7,19.6,3.55,337.25,21,19,17,2,Completed,17.2,89.47,18.65
ORD-101105,2026-03-09,Faridabad,R-04,DRV-021,Truck,11.9,16,High,Cloudy,132.4,191.8,12.0,2.2,209.0,29,28,25,3,Completed,59.4,89.29,3.72
ORD-101106,2026-04-17,Noida,R-08,DRV-001,Truck,30.6,9,Low,Cloudy,115.5,122.6,13.6,5.2,494.0,36,34,32,2,Completed,7.1,94.12,14.98
ORD-101107,2026-05-07,Gurugram,R-19,DRV-016,Mini Truck,67.1,8,High,Cloudy,171.0,243.8,30.5,7.94,754.3,19,17,15,2,Partial,72.8,88.24,16.51
ORD-101108,2026-03-08,Chandigarh,R-12,DRV-017,Bike,24.8,14,High,Rain,140.5,188.5,13.5,0.49,46.55,35,33,27,6,Completed,48.0,81.82,7.89
ORD-101109,2026-01-05,Faridabad,R-19,DRV-002,Van,52.9,12,Low,Cloudy,174.7,179.5,15.0,4.56,433.2,11,10,9,1,Completed,4.8,90.0,17.68
ORD-101110,2026-04-29,Noida,R-06,DRV-002,Mini Truck,58.0,7,Medium,Cloudy,148.4,171.7,24.5,6.67,633.65,31,29,28,1,Completed,23.3,96.55,20.27
ORD-101111,2026-04-18,Jaipur,R-10,DRV-010,Bike,23.7,7,High,Rain,89.6,125.3,17.9,0.51,48.45,33,31,31,0,Completed,35.7,100.0,11.35
ORD-101112,2026-01-20,Ghaziabad,R-04,DRV-020,Van,45.5,8,Low,Rain,134.0,151.4,18.9,3.08,292.6,24,23,21,2,Completed,17.4,91.3,18.03
ORD-101113,2026-03-24,Jaipur,R-09,DRV-022,Mini Truck,27.7,5,High,Rain,82.5,120.2,24.0,3.1,294.5,34,30,26,4,Partial,37.7,86.67,13.83
ORD-101114,2026-04-03,Gurugram,R-05,DRV-001,Mini Truck,44.6,2,Low,Rain,90.5,94.6,47.3,4.69,445.55,18,17,15,2,Completed,4.1,88.24,28.29
ORD-101115,2026-03-14,Jaipur,R-14,DRV-011,Truck,32.0,9,Low,Clear,117.9,134.2,14.9,6.58,625.1,9,8,7,1,Partial,16.3,87.5,14.31
ORD-101116,2026-02-25,Noida,R-07,DRV-026,Van,44.8,6,High,Rain,118.8,181.3,30.2,3.24,307.8,20,18,15,3,Completed,62.5,83.33,14.83
ORD-101117,2026-06-26,Gurugram,R-15,DRV-030,Truck,46.2,9,Low,Clear,142.2,151.9,16.9,8.07,766.65,27,26,25,1,Completed,9.7,96.15,18.25
ORD-101118,2026-02-03,Delhi,R-12,DRV-010,Truck,40.9,7,High,Cloudy,119.1,168.1,24.0,6.75,641.25,23,22,20,2,Completed,49.0,90.91,14.6
ORD-101119,2026-02-05,Chandigarh,R-06,DRV-023,Mini Truck,37.1,8,Medium,Clear,119.6,128.5,16.1,4.35,413.25,24,22,19,3,Completed,8.9,86.36,17.32
ORD-101120,2026-01-31,Ghaziabad,R-05,DRV-023,Van,40.9,6,Low,Cloudy,112.1,121.5,20.2,2.83,268.85,37,36,30,6,Completed,9.4,83.33,20.2
ORD-101121,2026-02-02,Ghaziabad,R-03,DRV-014,Van,43.3,6,High,Clear,116.2,152.8,25.5,3.59,341.05,22,20,18,2,Completed,36.6,90.0,17.0
ORD-101122,2026-01-20,Delhi,R-14,DRV-002,Truck,24.0,5,Low,Clear,76.1,68.8,13.8,4.05,384.75,2,1,1,0,Partial,-7.3,100.0,20.93
ORD-101123,2026-01-09,Delhi,R-04,DRV-030,Truck,44.7,3,Medium,Clear,97.6,106.5,35.5,7.83,743.85,16,15,14,1,Completed,8.9,93.33,25.18
ORD-101124,2026-01-17,Faridabad,R-04,DRV-026,Bike,21.2,10,Low,Rain,106.3,133.6,13.4,0.54,51.3,47,42,42,0,Partial,27.3,100.0,9.52
ORD-101125,2026-02-22,Ghaziabad,R-12,DRV-001,Van,35.6,6,Low,Clear,103.0,105.7,17.6,2.42,229.9,28,24,21,3,Partial,2.7,87.5,20.21
ORD-101126,2026-03-13,Jaipur,R-06,DRV-028,Mini Truck,65.1,7,High,Rain,160.6,245.6,35.1,7.51,713.45,34,29,27,2,Partial,85.0,93.1,15.9
ORD-101127,2026-06-06,Ghaziabad,R-04,DRV-027,Bike,37.2,8,High,Clear,119.8,175.4,21.9,0.75,71.25,16,13,11,2,Partial,55.6,84.62,12.73
ORD-101128,2026-05-16,Ghaziabad,R-10,DRV-006,Van,65.9,7,High,Clear,162.0,195.3,27.9,4.52,429.4,13,11,10,1,Partial,33.3,90.91,20.25
ORD-101129,2026-01-26,Ghaziabad,R-12,DRV-023,Truck,20.9,11,High,Clear,112.8,151.4,13.8,3.83,363.85,22,21,20,1,Completed,38.6,95.24,8.28
ORD-101130,2026-04-23,Gurugram,R-12,DRV-013,Van,48.0,9,Medium,Clear,145.3,164.3,18.3,3.58,340.1,22,20,17,3,Completed,19.0,85.0,17.53
ORD-101131,2026-05-12,Ghaziabad,R-04,DRV-025,Truck,33.8,5,Medium,Clear,92.9,110.8,22.2,6.79,645.05,34,30,29,1,Partial,17.9,96.67,18.3
ORD-101132,2026-04-30,Gurugram,R-16,DRV-025,Van,36.3,9,Medium,Rain,125.2,149.6,16.6,2.62,248.9,27,23,21,2,Partial,24.4,91.3,14.56
ORD-101133,2026-03-15,Delhi,R-11,DRV-016,Bike,66.2,7,Low,Cloudy,162.5,185.6,26.5,1.45,137.75,31,26,26,0,Partial,23.1,100.0,21.4
ORD-101134,2026-03-14,Chandigarh,R-15,DRV-008,Mini Truck,68.9,7,High,Cloudy,167.1,195.7,28.0,7.83,743.85,13,12,11,1,Completed,28.6,91.67,21.12
ORD-101135,2026-03-16,Lucknow,R-03,DRV-029,Van,25.1,11,Medium,Rain,120.0,164.5,15.0,1.93,183.35,25,22,21,1,Partial,44.5,95.45,9.16
ORD-101136,2026-04-05,Noida,R-16,DRV-022,Bike,37.1,3,Low,Cloudy,84.6,96.6,32.2,0.96,91.2,24,24,21,3,Completed,12.0,87.5,23.04
ORD-101137,2026-04-23,Gurugram,R-05,DRV-013,Bike,35.2,6,Medium,Rain,102.3,149.0,24.8,0.73,69.35,30,27,23,4,Completed,46.7,85.19,14.17
ORD-101138,2026-06-01,Gurugram,R-03,DRV-012,Van,60.5,6,Low,Cloudy,145.7,145.2,24.2,4.71,447.45,37,35,30,5,Completed,-0.5,85.71,25.0
ORD-101139,2026-02-21,Lucknow,R-08,DRV-027,Bike,32.8,8,Medium,Rain,112.2,148.2,18.5,0.67,63.65,30,28,22,6,Completed,36.0,78.57,13.28
ORD-101140,2026-05-08,Faridabad,R-13,DRV-012,Mini Truck,25.3,6,Medium,Rain,85.4,109.4,18.2,3.24,307.8,26,23,21,2,Partial,24.0,91.3,13.88
ORD-101141,2026-06-04,Lucknow,R-17,DRV-009,Truck,35.7,8,Low,Cloudy,117.2,126.3,15.8,7.12,676.4,24,24,23,1,Completed,9.1,95.83,16.96
ORD-101142,2026-01-28,Gurugram,R-16,DRV-016,Mini Truck,29.3,14,Low,Rain,148.2,170.3,12.2,3.04,288.8,38,38,34,4,Completed,22.1,89.47,10.32
ORD-101143,2026-02-04,Delhi,R-02,DRV-027,Bike,32.9,7,Low,Cloudy,105.4,114.8,16.4,0.81,76.95,29,27,26,1,Completed,9.4,96.3,17.2
ORD-101144,2026-06-23,Delhi,R-13,DRV-020,Van,36.4,11,High,Cloudy,139.4,189.4,17.2,2.69,255.55,24,22,19,3,Completed,50.0,86.36,11.53
ORD-101145,2026-02-09,Faridabad,R-03,DRV-022,Bike,66.2,5,High,Cloudy,148.5,194.3,38.9,1.72,163.4,32,27,23,4,Partial,45.8,85.19,20.44
ORD-101146,2026-04-30,Ghaziabad,R-16,DRV-016,Mini Truck,9.4,5,High,Cloudy,51.1,53.2,10.6,1.03,97.85,15,14,11,3,Completed,2.1,78.57,10.6
ORD-101147,2026-05-19,Jaipur,R-02,DRV-014,Bike,43.5,6,Low,Cloudy,116.6,134.5,22.4,1.08,102.6,31,28,28,0,Completed,17.9,100.0,19.41
ORD-101148,2026-04-26,Jaipur,R-15,DRV-015,Truck,14.0,3,Low,Clear,45.0,44.7,14.9,3.0,285.0,23,21,17,4,Completed,-0.3,80.95,18.79
ORD-101149,2026-02-15,Faridabad,R-16,DRV-014,Van,59.0,10,Low,Cloudy,171.1,187.4,18.7,4.0,380.0,19,16,14,2,Partial,16.3,87.5,18.89
ORD-101150,2026-04-10,Chandigarh,R-19,DRV-022,Bike,22.6,4,Medium,Rain,66.7,83.0,20.8,0.48,45.6,20,19,17,2,Completed,16.3,89.47,16.34
ORD-101151,2026-05-22,Chandigarh,R-18,DRV-028,Truck,36.8,8,Low,Rain,119.1,122.8,15.3,6.75,641.25,26,22,21,1,Partial,3.7,95.45,17.98
ORD-101152,2026-01-15,Lucknow,R-16,DRV-019,Mini Truck,26.1,8,Medium,Rain,100.7,141.8,17.7,3.11,295.45,25,23,22,1,Completed,41.1,95.65,11.04
ORD-101153,2026-06-23,Jaipur,R-11,DRV-002,Mini Truck,54.1,6,Low,Rain,134.7,141.3,23.6,5.01,475.95,26,24,23,1,Completed,6.6,95.83,22.97
ORD-101154,2026-01-12,Noida,R-12,DRV-026,Mini Truck,48.5,12,High,Rain,167.1,238.6,19.9,5.88,558.6,20,19,15,4,Completed,71.5,78.95,12.2
ORD-101155,2026-01-07,Jaipur,R-04,DRV-014,Truck,46.2,2,Medium,Cloudy,93.2,108.0,54.0,8.7,826.5,20,17,16,1,Partial,14.8,94.12,25.67
ORD-101156,2026-04-16,Jaipur,R-08,DRV-008,Bike,40.1,6,Low,Rain,110.7,124.4,20.7,1.08,102.6,34,33,30,3,Completed,13.7,90.91,19.34
ORD-101157,2026-03-21,Gurugram,R-10,DRV-004,Bike,45.0,1,Medium,Clear,84.1,91.5,91.5,0.96,91.2,10,8,6,2,Partial,7.4,75.0,29.51
ORD-101158,2026-01-06,Jaipur,R-15,DRV-022,Bike,41.3,10,Medium,Rain,140.8,197.4,19.7,0.95,90.25,17,14,11,3,Partial,56.6,78.57,12.55
ORD-101159,2026-05-12,Lucknow,R-01,DRV-023,Mini Truck,19.2,5,Medium,Rain,67.9,86.3,17.3,1.96,186.2,27,25,22,3,Completed,18.4,88.0,13.35
ORD-101160,2026-01-06,Jaipur,R-19,DRV-013,Truck,62.5,4,Medium,Rain,135.1,179.8,45.0,11.35,1078.25,22,21,20,1,Completed,44.7,95.24,20.86
ORD-101161,2026-01-26,Chandigarh,R-07,DRV-011,Bike,25.0,7,Medium,Rain,91.9,121.0,17.3,0.54,51.3,29,27,27,0,Completed,29.1,100.0,12.4
ORD-101162,2026-06-20,Jaipur,R-20,DRV-010,Van,14.5,7,Medium,Cloudy,73.9,81.2,11.6,1.09,103.55,12,11,9,2,Completed,7.3,81.82,10.71
ORD-101163,2026-02-21,Chandigarh,R-18,DRV-007,Bike,28.8,3,Medium,Cloudy,70.4,80.3,26.8,0.7,66.5,24,23,23,0,Completed,9.9,100.0,21.52
ORD-101164,2026-01-13,Faridabad,R-08,DRV-020,Truck,46.7,6,High,Clear,122.1,171.0,28.5,8.12,771.4,20,17,16,1,Partial,48.9,94.12,16.39
ORD-101165,2026-05-29,Gurugram,R-09,DRV-003,Mini Truck,35.1,8,High,Rain,116.2,161.1,20.1,4.04,383.8,18,16,15,1,Partial,44.9,93.75,13.07
ORD-101166,2026-05-02,Lucknow,R-12,DRV-026,Van,56.2,7,Low,Rain,145.3,139.7,20.0,4.98,473.1,38,36,31,5,Completed,-5.6,86.11,24.14
ORD-101167,2026-03-19,Faridabad,R-18,DRV-011,Truck,40.0,6,Low,Cloudy,110.6,125.4,20.9,7.43,705.85,18,16,15,1,Partial,14.8,93.75,19.14
ORD-101168,2026-04-13,Faridabad,R-18,DRV-006,Truck,70.8,12,Low,Rain,205.4,244.0,20.3,12.61,1197.95,1,0,0,0,Partial,38.6,0.0,17.41
ORD-101169,2026-06-30,Noida,R-07,DRV-022,Truck,44.5,8,High,Cloudy,132.3,164.4,20.6,8.45,802.75,30,29,28,1,Completed,32.1,96.55,16.24
ORD-101170,2026-03-10,Lucknow,R-17,DRV-007,Bike,52.9,6,Medium,Cloudy,132.7,156.3,26.1,1.18,112.1,25,24,22,2,Completed,23.6,91.67,20.31
ORD-101171,2026-02-07,Ghaziabad,R-10,DRV-028,Van,79.4,14,Medium,Cloudy,234.1,279.1,19.9,3.93,373.35,34,31,26,5,Completed,45.0,83.87,17.07
ORD-101172,2026-03-23,Gurugram,R-14,DRV-009,Van,34.8,6,Medium,Rain,101.7,137.4,22.9,2.18,207.1,16,15,14,1,Completed,35.7,93.33,15.2
ORD-101173,2026-02-11,Faridabad,R-13,DRV-008,Van,53.5,5,Low,Clear,126.7,116.8,23.4,3.67,348.65,26,25,19,6,Completed,-9.9,76.0,27.48
ORD-101174,2026-02-19,Delhi,R-10,DRV-015,Van,38.0,4,Medium,Rain,93.1,104.1,26.0,2.92,277.4,29,27,26,1,Completed,11.0,96.3,21.9
ORD-101175,2026-04-22,Lucknow,R-07,DRV-006,Bike,33.4,6,Medium,Clear,99.3,134.2,22.4,0.73,69.35,30,28,22,6,Completed,34.9,78.57,14.93
ORD-101176,2026-01-08,Faridabad,R-18,DRV-006,Mini Truck,5.2,6,High,Clear,50.9,74.5,12.4,0.61,57.95,32,28,28,0,Partial,23.6,100.0,4.19
ORD-101177,2026-05-05,Delhi,R-03,DRV-011,Bike,24.6,8,High,Cloudy,98.2,136.4,17.1,0.54,51.3,35,31,25,6,Partial,38.2,80.65,10.82
ORD-101178,2026-01-17,Lucknow,R-03,DRV-013,Mini Truck,42.4,6,High,Clear,114.7,196.7,32.8,4.97,472.15,21,18,14,4,Partial,82.0,77.78,12.93
ORD-101179,2026-03-02,Gurugram,R-17,DRV-022,Bike,23.5,8,High,Rain,96.3,162.2,20.3,0.57,54.15,26,24,22,2,Completed,65.9,91.67,8.69
ORD-101180,2026-03-06,Chandigarh,R-08,DRV-020,Bike,32.7,13,Low,Cloudy,147.1,149.2,11.5,0.72,68.4,7,6,5,1,Partial,2.1,83.33,13.15
ORD-101181,2026-03-26,Lucknow,R-14,DRV-007,Van,22.8,5,Low,Clear,74.1,78.8,15.8,1.44,136.8,33,30,26,4,Completed,4.7,86.67,17.36
ORD-101182,2026-02-14,Ghaziabad,R-15,DRV-014,Mini Truck,21.8,9,Medium,Rain,100.4,154.8,17.2,2.57,244.15,18,17,15,2,Completed,54.4,88.24,8.45
ORD-101183,2026-01-15,Chandigarh,R-04,DRV-011,Mini Truck,66.7,10,High,Cloudy,184.3,195.9,19.6,6.82,647.9,32,30,25,5,Completed,11.6,83.33,20.43
ORD-101184,2026-05-02,Ghaziabad,R-05,DRV-012,Mini Truck,30.6,2,Medium,Rain,66.5,85.0,42.5,4.0,380.0,31,31,29,2,Completed,18.5,93.55,21.6
ORD-101185,2026-04-05,Faridabad,R-20,DRV-002,Bike,60.5,13,High,Rain,194.7,303.3,23.3,1.32,125.4,33,32,28,4,Completed,108.6,87.5,11.97
ORD-101186,2026-01-14,Ghaziabad,R-18,DRV-013,Mini Truck,29.0,8,Medium,Rain,105.7,145.2,18.1,3.43,325.85,13,13,11,2,Completed,39.5,84.62,11.98
ORD-101187,2026-06-29,Jaipur,R-18,DRV-028,Bike,37.2,5,Low,Cloudy,98.8,123.7,24.7,0.84,79.8,18,17,16,1,Completed,24.9,94.12,18.04
ORD-101188,2026-04-10,Delhi,R-09,DRV-010,Truck,38.6,10,Low,Clear,136.2,127.2,12.7,6.74,640.3,8,7,7,0,Partial,-9.0,100.0,18.21
ORD-101189,2026-03-18,Ghaziabad,R-15,DRV-021,Van,71.5,8,Medium,Rain,178.6,260.6,32.6,5.04,478.8,23,21,18,3,Completed,82.0,85.71,16.46
ORD-101190,2026-04-15,Delhi,R-03,DRV-027,Mini Truck,38.1,11,Medium,Cloudy,142.3,170.6,15.5,4.47,424.65,33,31,26,5,Completed,28.3,83.87,13.4
ORD-101191,2026-04-16,Jaipur,R-04,DRV-027,Truck,17.6,8,Low,Rain,86.2,95.2,11.9,3.22,305.9,24,24,19,5,Completed,9.0,79.17,11.09
ORD-101192,2026-03-08,Gurugram,R-14,DRV-020,Mini Truck,6.2,8,High,Rain,66.6,97.7,12.2,0.71,67.45,29,28,22,6,Completed,31.1,78.57,3.81
ORD-101193,2026-03-25,Chandigarh,R-02,DRV-021,Bike,32.0,9,High,Clear,117.9,169.0,18.8,0.84,79.8,32,30,25,5,Completed,51.1,83.33,11.36
ORD-101194,2026-06-11,Chandigarh,R-01,DRV-013,Van,31.8,6,Low,Rain,96.5,113.7,18.9,2.32,220.4,14,12,11,1,Partial,17.2,91.67,16.78
ORD-101195,2026-03-20,Jaipur,R-04,DRV-006,Bike,48.3,9,Low,Rain,145.8,168.3,18.7,1.21,114.95,26,24,20,4,Completed,22.5,83.33,17.22
ORD-101196,2026-06-16,Noida,R-11,DRV-015,Truck,46.5,1,Medium,Rain,86.7,110.0,110.0,8.32,790.4,14,12,11,1,Partial,23.3,91.67,25.36
ORD-101197,2026-02-04,Faridabad,R-19,DRV-027,Van,46.2,8,Medium,Cloudy,135.2,164.1,20.5,3.32,315.4,34,32,26,6,Completed,28.9,81.25,16.89
ORD-101198,2026-02-20,Gurugram,R-12,DRV-006,Truck,71.3,9,Medium,Cloudy,185.2,209.0,23.2,11.66,1107.7,28,26,26,0,Completed,23.8,100.0,20.47
ORD-101199,2026-05-27,Ghaziabad,R-01,DRV-030,Bike,35.8,5,High,Rain,96.4,156.2,31.2,0.85,80.75,26,25,22,3,Completed,59.8,88.0,13.75
